//ALFA_PLANCODE,ALFA_IssueAge,ALFA_Sex,ALFA_IssueYear,IssueMonth,ALFA_SmokingClass,InitPremInforce,InitStatRes,InitTaxRes
10T14,18,M,2015,8,P,8840,54607.93,5509.52
10T14,18,M,2015,7,U,231,79.4,0
10T14,20,M,2015,2,N,339.55,290.05,31.27
10T14,22,M,2015,1,N,1815,2221.96,2221.96
10T14,23,F,2015,7,U,155,18.2,18.2
10T14,24,M,2015,3,U,179.55,161.07,0.83
10T14,25,M,2015,2,N,1470,1990.22,1990.22
10T14,25,M,2015,6,N,1324.57,311.4,0
10T14,25,M,2015,1,N,577.5,561.51,561.51
10T14,25,M,2014,3,U,184.5,196.5,196.5
10T14,26,F,2015,9,P,262.5,85.86,0
10T14,26,F,2015,4,U,162.75,0,0
10T14,26,M,2015,8,N,431.25,170.87,170.87
10T14,26,M,2015,3,P,1170,2139.84,2139.84
10T14,26,M,2015,8,P,195,61.74,61.74
10T14,27,F,2015,6,N,790,162.24,162.24
10T14,27,F,2015,5,N,388.5,27.22,0
10T14,27,F,2015,3,U,220.5,207.06,3.56
10T14,27,M,2015,1,N,1815,2248.6,2248.6
10T14,27,M,2015,6,N,2160,604.54,604.54
10T14A,19,F,2015,9,U,162.75,27.16,0
10T14A,20,M,2016,3,P,553.88,791.73,0
10T14A,23,M,2016,2,U,231,221.22,0
10T14A,24,M,2015,11,N,445,327.16,327.16
10T14A,24,M,2015,11,N,285,163.58,163.58
10T14A,24,M,2015,10,N,1218,599.58,459.38
10T14A,25,F,2016,2,U,162.75,64.9,0
10T14A,25,M,2015,9,U,157.5,57.38,57.38
10T14A,26,F,2015,9,P,189,42.93,0
10T14A,26,F,2016,1,T,567,230.28,0
10T14A,26,M,2015,12,P,3690,4939.55,4939.55
10T14A,26,M,2016,2,S,1141.88,702.15,0
10T14A,26,M,2016,1,U,285.6,299.6,0
10T14A,27,F,2015,10,N,496.25,204.29,204.29
10T14A,27,F,2015,11,N,393.09,166.79,0
10T14A,27,F,2015,9,P,262.5,90.06,0
10T14A,27,F,2015,10,U,270,128.19,128.19
10T14A,27,M,2016,3,N,1470,2216.65,2216.65
10T14A,27,M,2015,12,N,556.53,445.24,13.81
10T14A,27,M,2016,3,N,467.25,554.16,0
15ST14,34,F,2015,4,U,185,0,0
15ST14,37,F,2015,9,U,141,78.44,78.44
15ST14,39,F,2016,2,U,225,287.57,287.57
15ST14,40,F,2015,9,U,116,30.49,30.49
15ST14,40,M,2015,11,P,362.25,326.22,0
15ST14,45,F,2016,3,P,348.08,423.29,0
15ST14,45,M,2015,9,P,229.5,110.75,110.75
15ST14,46,M,2016,3,N,551.25,680.75,0
15ST14,47,M,2016,3,N,588,746.17,0
15ST14,48,F,2015,9,U,252.5,148.34,148.34
15ST14,49,F,2015,12,P,201.6,131.65,0
15ST14,49,M,2015,8,N,1245,604.13,604.13
15ST14,50,F,2016,1,N,577.5,612.58,0
15ST14,50,M,2015,11,N,2751,2268.75,0
15T14,23,M,2015,4,P,197.5,0,0
15T14,25,F,2015,3,N,3220,3105.73,3105.73
15T14,25,M,2015,6,N,478.27,80.23,0
15T14,26,M,2014,12,N,913.5,870.58,16.89
15T14,27,F,2015,8,U,198,45.75,45.75
15T14,27,M,2015,7,P,530,195.43,195.43
15T14,27,M,2015,10,T,1300,652.39,652.39
15T14,27,M,2014,12,U,235,234.33,234.33
15T14,28,F,2015,7,U,350,90.82,90.82
15T14,28,M,2015,8,U,380,200.6,200.6
15T14,28,M,2015,5,U,185.85,15.05,0
15T14,29,F,2015,7,U,179.55,28.77,0
15T14,29,M,2014,12,S,745.5,476,46.9
15T14,29,M,2015,1,U,465,729.92,729.92
15T14,30,F,2015,3,U,231,292.78,8.87
15T14,30,M,2014,12,U,540,866.05,866.05
15T14,30,M,2015,6,U,990,291.72,291.72
15T14,31,F,2015,7,U,1035,362.6,362.6
15T14,31,M,2015,8,N,8490,3894.4,3894.4
15T14,31,M,2015,1,N,336,326.96,27.7
15T14A,24,M,2016,1,N,475,420.9,420.9
15T14A,24,M,2016,1,N,1052.5,1053.2,1053.2
15T14A,25,M,2016,2,N,860,943.94,943.94
15T14A,25,M,2016,3,N,475,519.17,519.17
15T14A,25,M,2015,11,U,230,160.86,160.86
15T14A,27,F,2016,3,N,275.63,150.28,0
15T14A,27,M,2015,11,N,514.5,359.4,0
15T14A,28,M,2015,11,U,380,351.06,351.06
15T14A,28,M,2015,10,U,246.75,150.45,0
15T14A,29,F,2015,10,N,441,179.23,0
15T14A,29,M,2015,12,N,619.53,428.31,9.63
15T14A,29,M,2016,3,P,336,354.37,0
15T14A,29,M,2016,2,S,1102.5,846.66,0
15T14A,30,M,2015,11,N,540.75,346,0
15T14A,31,F,2016,2,N,451.5,324.41,0
15T14A,31,F,2016,3,N,558.6,463.91,0
15T14A,31,F,2015,10,N,280.88,97.32,0
15T14A,31,F,2015,11,U,378,241.74,0
15T14A,31,M,2016,2,N,976.5,973.6,0
15T14A,31,M,2016,3,N,573,562.47,562.47
20ST14,21,M,2015,9,U,130,21.74,21.74
20ST14,24,F,2015,11,U,200,88.52,88.52
20ST14,25,M,2015,11,P,320,211.06,211.06
20ST14,25,M,2015,6,U,157.5,23.04,23.04
20ST14,26,M,2015,10,U,320,154.04,154.04
20ST14,27,F,2015,12,U,205,114.86,114.86
20ST14,28,M,2015,12,U,240,201.36,201.36
20ST14,29,F,2015,12,P,273,162.3,0
20ST14,29,M,2015,10,U,171,87.79,87.79
20ST14,30,F,2015,9,U,215,82.54,82.54
20ST14,30,F,2016,3,U,140,90.79,90.79
20ST14,30,M,2015,9,U,245,122.14,122.14
20ST14,31,M,2015,9,U,245,122.37,122.37
20ST14,31,M,2015,11,U,245,171.31,171.31
20ST14,33,F,2015,10,U,220,117.15,117.15
20ST14,33,M,2015,6,N,518.76,99.94,99.94
20ST14,33,M,2015,8,U,216.3,81.3,0
20ST14,34,F,2015,8,N,305.55,95.81,0
20ST14,34,F,2016,3,U,225,233.49,233.49
20ST14,35,F,2015,7,P,315,86.66,0
20T14,19,F,2015,7,U,187.5,16.39,16.39
20T14,20,F,2015,5,U,193.13,5.67,5.67
20T14,20,M,2015,2,P,388.5,331.22,6.67
20T14,20,M,2015,3,U,295,277.32,277.32
20T14,21,M,2015,7,N,391.13,68.93,0
20T14,21,M,2015,1,U,225.75,120.32,5.3
20T14,22,F,2015,5,U,196.88,5.89,0
20T14,22,M,2015,5,N,593.25,46.39,0
20T14,22,M,2015,6,U,500,88.65,88.65
20T14,23,F,2015,1,P,241.5,125.89,13.84
20T14,23,F,2015,6,T,641.9,41.45,41.45
20T14,23,F,2015,6,U,187.5,12.22,12.22
20T14,23,F,2015,5,U,196.88,6.11,0
20T14,23,M,2015,4,N,842.63,0,0
20T14,23,M,2015,5,U,215,11.09,11.09
20T14,23,M,2015,6,U,240,26.61,26.61
20T14,23,M,2015,5,U,225.75,11.09,0
20T14,24,F,2016,1,U,217.88,31.33,0
20T14,24,F,2015,6,U,226.5,17.7,17.7
20T14,24,F,2015,3,U,196.88,119.13,4.07
20T14A,18,M,2015,9,U,215,52.23,52.23
20T14A,19,M,2015,11,N,581.95,318.57,45.51
20T14A,19,M,2015,12,P,322.88,130.36,4.95
20T14A,20,F,2015,8,N,820,171.49,171.49
20T14A,20,F,2015,12,U,250,90.78,90.78
20T14A,20,M,2016,1,N,433.13,226.65,4.87
20T14A,20,M,2016,2,U,352.8,260.74,0
20T14A,21,M,2015,10,U,215,65.22,65.22
20T14A,22,M,2016,3,P,267.5,160.94,160.94
20T14A,22,M,2016,1,P,280.88,131.68,0
20T14A,22,M,2015,11,P,267.5,102.42,102.41
20T14A,23,F,2015,9,U,257.5,61.08,61.08
20T14A,24,F,2016,2,U,400,252.93,252.93
20T14A,24,F,2015,12,U,250,101.17,101.17
20T14A,24,F,2015,10,U,262,75.88,0
20T14A,24,M,2015,10,N,372.5,140.57,140.57
20T14A,24,M,2016,3,U,215,124.33,124.33
20T14A,25,F,2015,12,N,345.05,97.91,24.48
20T14A,25,F,2016,2,S,690,180.93,180.93
20T14A,25,F,2016,3,U,187.5,71.93,71.93
30ST14,26,F,2015,10,N,201,30.89,30.89
30ST14,26,M,2016,2,U,414.75,241.26,0
30ST14,27,F,2015,8,N,590,111.55,111.55
30ST14,27,F,2015,11,U,225,61.35,61.35
30ST14,28,M,2015,9,U,395,127.45,127.45
30ST14,28,M,2015,11,U,395,178.43,178.43
30ST14,29,F,2016,1,N,318.67,96.34,0
30ST14,30,F,2015,12,P,252,84.75,0
30ST14,30,F,2016,1,U,151,30.38,30.38
30ST14,32,F,2016,3,U,350,210.25,210.25
30ST14,33,F,2015,9,U,450,107.66,107.65
30ST14,33,F,2016,3,U,220,110.22,110.22
30ST14,33,M,2015,10,T,1665,356.55,356.55
30ST14,34,M,2016,2,P,451.5,277.81,0
30ST14,35,M,2015,10,N,564,195.46,195.46
30ST14,35,M,2016,2,P,620,1298.66,369.59
30ST14,36,F,2015,6,P,504,62.82,0
30ST14,37,F,2015,7,U,346.5,48.84,0
30ST14,37,F,2015,9,U,267.75,67.83,0
30ST14,37,M,2015,12,N,574.88,239.38,0
30T14,18,M,2015,7,U,455,62.94,62.94
30T14,18,M,2015,7,U,455,62.94,62.94
30T14,19,F,2015,7,U,340,33.05,33.05
30T14,19,M,2015,3,P,9270,7954.16,7954.16
30T14,19,M,2015,5,U,455,21.82,21.82
30T14,21,M,2015,4,U,820,0,0
30T14,22,M,2014,12,N,2609.52,1934,691.8
30T14,23,F,2015,8,U,619.5,98.92,0
30T14,23,F,2015,5,U,242.5,6.18,6.18
30T14,24,M,2015,6,N,895.7,83.79,14.39
30T14,25,F,2015,1,P,315,226.56,37.91
30T14,25,F,2015,5,U,590,26.54,26.54
30T14,25,F,2015,5,U,590,26.54,26.54
30T14,25,M,2015,5,N,1756,114.58,114.58
30T14,25,M,2015,8,U,820,186.02,186.02
30T14,25,M,2015,7,U,579.1,93.48,93.48
30T14,26,F,2015,5,N,1320.64,44.53,0
30T14,26,F,2015,6,N,926.89,54.07,0
30T14,26,F,2015,7,U,610,82.38,82.38
30T14,26,F,2015,8,U,367.5,54.92,0
30T14A,18,F,2016,1,U,340,95.27,95.27
30T14A,19,M,2015,9,T,932.5,93.18,93.18
30T14A,19,M,2016,2,U,455,218.2,218.2
30T14A,20,F,2016,1,P,470,129.8,129.8
30T14A,20,F,2016,3,U,254.63,62.98,0
30T14A,21,F,2016,2,U,273,71.33,71.33
30T14A,21,M,2015,10,P,630,176.49,0
30T14A,22,F,2016,2,U,340,119.19,119.19
30T14A,22,F,2015,9,U,340,59.6,59.6
30T14A,22,M,2016,3,N,664.13,272.25,1.17
30T14A,22,M,2016,1,U,300,100.4,100.4
30T14A,23,F,2016,3,N,530.25,139.28,0.75
30T14A,23,F,2016,1,U,340,111.28,111.28
30T14A,23,F,2015,8,U,619.5,98.92,0
30T14A,23,F,2015,10,U,242.5,37.09,37.09
30T14A,24,M,2016,2,U,476.84,227.96,22.79
30T14A,24,M,2015,11,U,477.75,159.57,0
30T14A,25,F,2015,12,N,685.13,149.01,0
30T14A,25,F,2016,1,U,357,119.42,0
30T14A,25,F,2015,10,U,619.5,159.23,0
902MN,23,F,1951,8,N,69.95,4233.77,4174.91
902MN,23,F,1951,10,N,64.5,4157.92,4092.63
902MN,23,M,1951,1,N,81.2,4594.46,4566.61
902MN,23,M,1951,3,N,73.15,4511.21,4475.37
902MN,23,M,1951,4,N,269.3,17036.16,16800.02
902MN,23,M,1951,5,N,230.45,13340.74,13218.91
902MN,23,M,1951,7,N,61,4331.8,4328.88
902MN,23,M,1951,8,N,209.8,13345.22,13237.68
902MN,23,M,1951,9,N,269.6,17287.12,17087.21
902MN,23,M,1951,10,N,68,4415.91,4371.4
902MN,23,M,1951,12,N,85.76,4585.67,4558.11
902MN,23,M,1951,1,N,81.74,4496.14,4460.86
902MN,23,M,1951,3,N,74.5,4444.93,4399.13
902MN,23,M,1951,5,N,133.48,8213.36,8077.02
902MN,23,M,1951,6,N,144.76,8468.25,8350.57
902MN,23,M,1951,7,N,68.5,4294.91,4238.19
902MN,23,M,1951,8,N,74.62,4776.66,4775.61
902MN,23,M,1951,12,N,84.02,4526.54,4493.9
902MN,23,M,1951,7,N,67.77,4253.03,4196.12
902MN,24,F,1960,3,N,37.28,1583.97,1582.95
930MN,24,F,1977,1,N,44.16,1268.71,1267.68
930MN,24,F,1977,2,N,78.5,2643.91,2643.67
930MN,24,F,1977,3,N,43.08,1247.01,1246.02
930MN,24,F,1977,4,N,882,33347.37,33338.53
930MN,24,F,1977,5,N,43.18,2819.32,2819.15
930MN,24,F,1977,6,N,82.6,2985.48,2983.09
930MN,24,F,1977,7,N,0,710.79,710.79
930MN,24,F,1977,8,N,355.15,14731.73,14724.13
930MN,24,F,1977,9,N,72.35,2310.53,2310.34
930MN,24,F,1977,10,N,186.45,6862.89,6860.22
930MN,24,F,1977,11,N,637.57,22872.6,22870.59
930MN,24,F,1977,12,N,270.2,9382.42,9378.36
930MN,24,F,1981,1,N,125.35,3368.3,3366.43
930MN,24,F,1981,2,N,355.25,14327.72,14317.09
930MN,24,F,1981,3,N,312.73,8059.04,8054.26
930MN,24,F,1981,4,N,669.23,22118.19,22105.38
930MN,24,F,1981,9,N,74,1855.03,1852.84
930MN,24,F,1981,11,N,243.67,6630.44,6624.52
930MN,24,F,1981,12,N,173.1,3667.65,3664.11
930MN,24,F,1977,5,N,242.7,8024.18,8023.34
98141,65,F,2008,1,N,0,1331.84,1331.83
98141,65,F,2008,2,N,0,2955.79,2955.75
98141,65,F,2008,3,N,0,1527.69,1527.67
98141,65,F,2008,4,N,0,3109.59,3109.59
98141,65,F,2008,1,N,0,3372.39,3372.39
98141,65,F,2008,3,N,0,3210.97,3210.97
98141,65,F,2008,3,N,0,2314.16,2314.16
98141,65,F,2008,1,N,0,2331.95,2331.94
98141,65,F,2008,2,N,0,1309.2,1309.19
98141,65,F,2008,3,N,0,666.01,666.01
98141,65,F,2008,5,N,0,1654.73,1654.71
98141,65,F,2008,6,N,0,3205.75,3205.73
98141,65,F,2008,7,N,0,3190.65,3190.64
98141,65,F,2008,8,N,0,1331.84,1331.83
98141,65,F,2008,9,N,0,6963.32,6963.32
98141,65,F,2008,10,N,0,9107.61,9107.63
98141,65,F,2008,11,N,0,1916.15,1916.14
98141,65,F,2008,12,N,0,4509.67,4509.67
98141,65,F,2008,5,N,0,682.1,682.1
98141,65,F,2008,10,N,0,1421.62,1421.62
98158,51,F,2008,1,N,0,15891.59,15845.38
98158,51,F,2008,2,N,0,8730.96,8730.92
98158,51,F,2008,3,N,0,16877.95,16877.95
98158,51,F,2008,4,N,0,25087.93,24954.28
98158,51,F,2008,1,N,0,7196.6,7159.95
98158,51,F,2008,2,N,0,8465.69,8374.86
98158,51,F,2008,3,N,0,1615.87,1615.87
98158,51,F,2008,4,N,0,21187.42,21014.11
98158,51,F,2008,1,N,0,6230.81,6230.8
98158,51,F,2008,2,N,0,3130.56,3130.55
98158,51,F,2008,3,N,0,15437.97,15346.87
98158,51,F,2008,4,N,0,4034.06,4034.07
98158,51,F,2008,1,N,0,1985.36,1985.36
98158,51,F,2008,2,N,0,4581.44,4541.73
98158,51,F,2008,3,N,0,2689.84,2689.84
98158,51,F,2008,4,N,0,23394.44,23252.74
98158,51,F,2008,5,N,0,24277,24216.28
98158,51,F,2008,6,N,0,10759.72,10732.14
98158,51,F,2008,7,N,0,12285.81,12285.79
98158,51,F,2008,8,N,0,28426.56,28305.91
981MN,5,F,1956,1,N,151.69,15084.86,14792.08
981MN,5,F,1956,2,N,37.06,3040.2,2975.45
981MN,5,F,1956,3,N,40.33,3425.34,3356.26
981MN,5,F,1956,4,N,53.33,4193.13,4126.91
981MN,5,F,1956,5,N,61.36,8291.92,8276.9
981MN,5,F,1956,6,N,52.75,3246.81,3246.43
981MN,5,F,1956,7,N,57.96,4343.53,4343.28
981MN,5,F,1956,8,N,156.03,17299.48,17271.32
981MN,5,F,1956,9,N,322.72,27290.31,26886.81
981MN,5,F,1956,10,N,129.97,10542.65,10467.5
981MN,5,F,1956,11,N,132.13,14439.05,14437.98
981MN,5,F,1956,12,N,114.48,9426.39,9229.17
981MN,5,F,1956,1,N,0,3762.88,3707.54
981MN,5,F,1956,3,N,0,12106.74,11984.65
981MN,5,F,1956,4,N,93.4,11070.76,10929.02
981MN,5,F,1956,5,N,43.49,3779.59,3705.12
981MN,5,F,1956,8,N,0,3603.05,3603.05
981MN,5,F,1956,1,N,37.8,10992.58,10926.24
981MN,5,F,1956,2,N,76.77,8290.57,8132.54
981MN,5,F,1956,4,N,0,3858,3858
982MN,21,F,1964,3,N,118.93,6498.73,6413.02
982MN,21,F,1964,4,N,26.46,1634.73,1605.32
982MN,21,F,1964,6,N,0,407.14,407.15
982MN,21,F,1964,8,N,36.25,2123.16,2091.6
982MN,21,F,1964,10,N,415.42,21638.17,20879.11
982MN,21,F,1964,9,N,47.48,2117.7,2086.34
982MN,21,F,1964,5,N,0,404.13,398.17
982MN,21,F,1964,6,N,53.55,2885.73,2875.81
982MN,21,F,1964,9,N,36.25,2038.98,2002.15
982MN,21,M,1964,4,N,143.4,10812.62,10652.01
982MN,21,M,1964,5,N,37.82,3138.8,3102.4
982MN,21,M,1964,6,N,14.59,899.98,892.26
982MN,21,M,1964,7,N,0,374.74,374.75
982MN,21,M,1964,8,N,0,364.03,364.02
982MN,21,M,1964,10,N,320.75,17776.28,17689.63
982MN,21,M,1964,11,N,90.7,5295.64,5259.92
982MN,21,M,1964,12,N,650,31008.1,30862.81
982MN,21,M,1964,1,N,167.65,9666.45,9581.71
982MN,21,M,1964,3,N,408.07,22383.62,22123.87
982MN,21,M,1964,4,N,451.92,27522.87,27386.8
989MN,25,F,1983,1,N,1055,26418.94,26219.48
989MN,25,F,1983,7,N,1171,29963.29,28917.71
989MN,25,F,1983,9,N,901.2,22871.66,21974.63
989MN,25,F,1983,10,N,97.8,2265.24,2189.06
989MN,25,F,1983,12,N,264.12,6236.37,5964.5
989MN,25,F,1983,7,N,205.99,2269.88,2180.17
989MN,25,F,1983,2,N,430.08,11581.68,11115.81
989MN,25,F,1983,3,N,424.32,11080.8,10650.52
989MN,25,F,1983,6,N,368.72,9749.63,9376.89
989MN,25,F,1983,10,N,428.68,8938.06,8566.05
989MN,25,F,1983,12,N,487.56,12443.05,11918.44
989MN,25,F,1983,4,N,584.37,11512.49,10977.01
989MN,25,F,1983,4,N,513.73,12001.45,11486.89
989MN,25,F,1983,3,N,560.54,15199.02,14626.16
989MN,25,F,1983,6,N,534,12012.7,11467.67
989MN,25,M,1983,7,N,964,21141.76,20393.03
989MN,25,M,1983,8,N,192.3,3828.07,3697.49
989MN,25,M,1983,10,N,387,10631.09,10251.72
989MN,25,M,1983,12,N,2091,48799.68,46589.54
989MN,25,M,1983,3,N,407.13,10197.95,9784.17
CSC10,30,F,1998,5,N,1141.54,348.56,350.3
CSC10,30,F,1998,7,N,493.49,140.36,132.5
CSC10,30,F,1998,8,N,365.44,170.23,168.33
CSC10,30,F,1999,7,N,651.38,263.65,259.14
CSC10,30,F,1999,7,N,1131.6,344.48,340.57
CSC10,30,F,1999,8,N,1322.04,404.99,398.52
CSC10,30,F,1999,9,N,782.23,299.47,294.82
CSC10,30,F,1999,10,N,2001,648.14,608.45
CSC10,30,F,1999,11,N,1175.78,388.99,379.65
CSC10,30,F,2e3,6,N,437.18,1006.63,581.28
CSC10,30,F,2e3,10,N,651.38,415.64,406.69
CSC10,30,F,2001,1,N,493.49,976.88,475.88
CSC10,30,F,1998,4,P,352.09,160.42,160.41
CSC10,30,F,1998,9,P,681.52,351.9,351.89
CSC10,30,F,1998,11,P,392.65,192.29,190.95
CSC10,30,F,2e3,4,P,298.32,916.15,367.8
CSC10,30,F,2e3,11,P,2402.88,1200.49,1191.56
CSC10,30,F,1998,2,P,966.49,512.5,528.47
CSC10,30,F,1998,3,P,1296.28,546.14,376.43
CSC10,30,F,1998,4,P,388.71,160,160
CSC20,30,F,1998,4,N,180,166.8,166.81
CSC20,30,F,1998,9,N,176,136.96,136.96
CSC20,30,F,1999,10,N,180,156.04,156.05
CSC20,30,F,2e3,4,N,295,276.37,274.31
CSC20,30,F,2e3,10,N,302.5,342.41,339.86
CSC20,30,F,1998,2,N,195.41,156.04,39.2
CSC20,30,F,1998,4,N,194.3,136.96,136.96
CSC20,30,F,1998,4,N,575.18,702.18,702.18
CSC20,30,F,1998,7,N,194.3,136.96,109.12
CSC20,30,F,1998,8,N,194.3,136.96,99.84
CSC20,30,F,1998,11,N,280.42,146.75,76.72
CSC20,30,F,1998,11,N,505.63,415.78,197.47
CSC20,30,F,1998,12,N,640.32,834.01,362.63
CSC20,30,F,1999,3,N,243.98,141.61,58.05
CSC20,30,F,1999,4,N,612.72,596.77,596.77
CSC20,30,F,1999,5,N,304.7,292.51,274.13
CSC20,30,F,1999,6,N,194.3,128.16,120.35
CSC20,30,F,1999,6,N,250.61,219.39,191.81
CSC20,30,F,1999,7,N,347.76,254.36,214.48
CSC20,30,F,1999,9,N,195.41,136.96,94.46
DLPU,0,F,1985,4,N,0,1314.5,1314.5
DLPU,0,F,1989,6,N,0,823.75,823.75
DLPU,0,F,1987,11,N,0,2405.32,2381.5
DLPU,0,F,1984,10,N,0,142.64,139.75
DLPU,0,F,1985,5,N,0,212.54,208.26
DLPU,0,F,1958,5,N,0,902.28,902.27
DLPU,0,F,1984,12,N,0,729.44,714.92
DLPU,0,F,1988,3,N,0,5.3,5.3
DLPU,0,F,1993,11,N,0,259.5,259.51
DLPU,0,M,1985,12,N,0,10.63,10.56
DLPU,0,M,1986,9,N,0,1043.5,1043.5
DLPU,0,M,1982,7,N,0,215,215
DLPU,0,M,1966,8,N,0,259.43,258.8
DLPU,0,M,1957,11,N,0,0,0
DLPU,0,M,1957,7,N,0,30.1,29.45
DLPU,0,M,1958,3,N,0,45.11,45.11
DLPU,0,M,1957,12,N,0,592.24,591.03
DLPU,0,M,1956,7,N,0,340.95,340.95
DLPU,0,M,1988,1,N,0,10173.97,9798
DLPU,0,M,1958,2,N,0,1859.75,1859.75
FAM,27,M,1959,1,N,1.095,4348.7,4348.7
FAM,27,M,1959,2,N,1.0562,4161.52,4132.1
FAM,27,M,1959,3,N,0.9217,3991.78,3991.78
FAM,27,M,1959,10,N,0.9785,4138.83,4138.83
FAM,27,M,1959,11,N,2.9501,12099.76,12099.76
FAM,27,M,1959,1,N,4.3939,18370.04,18281.57
FAM,27,M,1959,2,N,4.1236,16498.8,16386.9
FAM,27,M,1959,3,N,3.1903,12461.87,12355.31
FAM,27,M,1959,4,N,5.28,22188.77,22003.69
FAM,27,M,1959,5,N,1.8762,8003.42,7919.58
FAM,27,M,1959,6,N,5.4733,20128.5,19886.54
FAM,27,M,1959,7,N,1.9569,8382.39,8263.11
FAM,27,M,1959,8,N,5.6548,22969.9,22581.95
FAM,27,M,1959,9,N,2.0384,8455.82,8309.11
FAM,27,M,1959,10,N,5.1134,20264.9,20264.9
FAM,27,M,1959,11,N,2.0273,8327.27,8313.47
FAM,27,M,1959,12,N,2.2166,9517.96,9489.16
FAM,27,M,1959,4,N,0.977,3932.65,3895.5
FAM,27,M,1959,6,N,0.9346,3883,3847.07
FAM,31,M,1965,1,N,0.9695,3750.37,3750.37
GP10T,40,F,1993,6,N,32426.14,23371.47,23149.25
GP10T,40,F,1993,7,N,2120,746.1,746.1
GP10T,40,F,1997,4,N,5052.5,7718.64,7718.64
GP10T,40,F,1993,2,N,1789.58,818.12,792
GP10T,40,F,1993,3,N,2747.85,1473.75,1403.2
GP10T,40,F,1993,5,N,1268.5,416.85,416.19
GP10T,40,F,1993,6,N,1597.49,775.34,745.7
GP10T,40,F,1993,8,N,501.22,391.47,339.67
GP10T,40,F,1993,10,N,4143.31,1599.82,1561.35
GP10T,40,F,1993,11,N,6977.29,3211.33,3106.23
GP10T,40,F,1993,12,N,1039.97,322.67,329.43
GP10T,40,F,1997,6,N,1046.59,1810.57,1795.73
GP10T,40,F,1997,7,N,1229.86,670.62,660.27
GP10T,40,F,1997,10,N,2809.68,585.68,579.73
GP10T,40,F,1993,11,N,1691.33,559.87,552.54
GP10T,40,F,1993,2,N,1264.58,580.52,571.73
GP10T,40,F,1993,5,N,2161.34,720.43,717.27
GP10T,40,F,1993,8,N,2647.88,1738.29,1648.94
GP10T,40,F,1993,10,N,540.6,204.6,201.85
GP10T,40,F,1993,12,N,1963.12,1397.96,1290.36
GP15T,31,F,1995,3,N,3050,1283.44,1283.43
GP15T,31,F,1995,2,N,9257.04,3844.15,3328.37
GP15T,31,F,1995,9,N,4170.36,2965.39,3003.53
GP15T,31,F,1995,2,N,1272,477.13,469.02
GP15T,31,F,1995,6,N,1131.55,745.32,745.32
GP15T,31,F,1995,8,N,1351.5,550.76,553.59
GP15T,31,F,1995,2,N,593,236.68,236.67
GP15T,31,F,1995,3,N,1087,441.64,441.64
GP15T,31,F,1995,4,N,482,234.06,231.73
GP15T,31,F,1995,5,N,367,260.46,258.65
GP15T,31,F,1995,9,N,494,204.47,204.47
GP15T,31,F,1995,10,N,593,236.68,236.68
GP15T,31,F,1995,11,N,500,295.54,295.55
GP15T,31,F,1995,1,N,788.26,278.55,308.13
GP15T,31,F,1995,2,N,654.67,237.68,256.46
GP15T,31,F,1995,3,N,2259.61,1247.12,1269.49
GP15T,31,F,1995,5,N,2026.27,1748.94,773.67
GP15T,31,F,1995,6,N,596.16,220.46,217.29
GP15T,31,F,1995,7,N,4082.59,1601.14,1457.8
GP15T,31,F,1995,8,N,5048.59,2080.46,1933.04
GP1T,54,F,1999,3,N,4545,15793.01,15793
GP1T,54,F,1999,5,N,3418.5,3610.25,3344.8
GP1T,54,F,1999,10,N,4944,1835.2,1813.47
GP1T,54,F,1999,12,N,1862.5,802.09,791.33
GP1T,54,F,1999,4,N,3041.52,8972.32,8972.32
GP1T,54,F,1999,6,N,3041.52,7086.06,7046.61
GP1T,54,F,1999,1,N,677,2497.38,2497.37
GP1T,54,F,1999,4,N,32.5,19.14,19.14
GP1T,54,F,1999,4,N,1026,3793.55,3793.56
GP1T,54,F,1999,6,N,3666,12830.95,5567.83
GP1T,54,F,1999,6,N,1620,3477.54,3096.87
GP1T,54,F,1999,8,N,32.5,25.05,25.05
GP1T,54,F,1999,11,N,32.5,16.02,16.02
GP1T,54,F,1999,12,N,3062,2801.4,2596.65
GP1T,54,F,1999,1,N,1091.86,1130.4,950.4
GP1T,54,F,1999,2,N,1322.59,1427.68,1315.08
GP1T,54,F,1999,4,N,66.3,55.84,1.86
GP1T,54,F,1999,5,N,34.17,17.49,-13.32
GP1T,54,F,1999,6,N,3319.73,4266.6,3211.98
GP1T,54,F,1999,7,N,5425.05,9078.15,7645.71
GP5T,22,F,1993,1,N,351.07,288.97,285.85
GP5T,26,F,1991,2,N,703.25,371.17,366.28
GP5T,27,F,1996,6,N,500.11,156.04,154.49
GP5T,28,F,1993,10,N,941.28,410.16,404.27
GP5T,28,M,1994,7,N,1106.64,882.92,834.99
GP5T,29,M,1993,12,N,1793.52,1415.38,1300.47
GP5T,29,M,1997,9,N,1248.36,1277.5,1222.83
GP5T,30,F,1994,12,N,3228.1,2070.78,1902.87
GP5T,30,F,1997,12,N,795.43,267.81,264.76
GP5T,30,M,1995,8,N,1110,1057.29,1001.18
GP5T,30,M,1991,2,N,1139.33,819.87,758.62
GP5T,31,M,1991,7,N,1013.47,804.68,754.93
GP5T,31,M,1997,12,N,1181.28,353.02,322.67
GP5T,32,M,1991,10,N,2134.03,1309.31,1233.97
GP5T,33,M,1992,10,N,2048.98,1297.36,1227.28
GP5T,33,M,1993,12,N,3890.2,3292.43,3174.04
GP5T,34,F,1996,11,N,853,580.25,577.7
GP5T,34,F,1991,9,N,2126.36,1301.45,1283.65
GP5T,34,M,1994,3,N,815,715.98,681.08
GP5T,34,M,1991,5,N,1107.31,917.05,867.27
LE10,18,F,2009,12,U,124.71,24.18,12.23
LE10,18,M,2009,2,N,185.83,56.42,-24.93
LE10,18,M,2008,7,U,126,29.93,29.93
LE10,18,M,2008,12,U,126,29.93,29.93
LE10,19,M,2008,1,N,323.81,623.6,394.46
LE10,19,M,2009,3,N,182.35,56.16,-14.69
LE10,19,M,2008,11,P,193.88,91.69,16.07
LE10,20,F,2008,6,N,171.95,54.03,50.25
LE10,20,F,2008,5,P,169.81,53.68,49.74
LE10,20,F,2008,12,U,119,29.47,29.47
LE10,20,F,2009,1,U,135,104.09,104.1
LE10,20,M,2007,12,U,161.8,40.28,-6.97
LE10,20,M,2009,3,U,129.78,29.13,6.62
LE10,21,F,2008,1,U,135,115.67,115.67
LE10,21,M,2008,7,N,174,56.57,56.57
LE10,21,M,2009,1,N,174,56.57,56.57
LE10,21,M,2010,4,N,223.5,89.52,89.52
LE10,21,M,2009,9,N,185.83,58.9,23.22
LE10,21,M,2008,2,P,185,89.85,89.84
LE10,21,M,2008,3,P,150.59,35.94,-27.13
LE15,20,M,2009,5,U,676.04,3482.06,2026.66
LE15,21,F,2008,7,N,189.04,147.37,137.73
LE15,22,F,2008,9,S,666.5,1009.4,832.38
LE15,22,F,2008,6,S,331.08,853.61,510.94
LE15,22,M,2009,7,U,135.19,60.32,48.75
LE15,23,M,2008,9,U,173.55,179.69,58.3
LE15,23,M,2009,7,U,135.19,67.03,55.4
LE15,24,F,2007,12,P,245,621.13,533.7
LE15,24,M,2008,6,N,704.88,1162.09,505.08
LE15,24,M,2007,12,U,225,437.09,290.97
LE15,25,F,2008,4,S,1611.95,3528.66,3121.4
LE15,25,F,2007,8,U,298.93,1055.21,909.08
LE15,25,M,2007,8,P,394.71,1469.1,1095.52
LE15,25,M,2008,9,S,630,868.32,580.9
LE15,25,M,2008,2,U,162.5,243.98,169.76
LE15,25,M,2008,5,U,210.93,326.63,202.9
LE15,26,F,2008,6,N,383.41,830.73,666.62
LE15,26,F,2008,2,P,197.58,349.51,184.35
LE15,26,F,2007,11,U,162.5,270.24,246.51
LE15,26,M,2008,7,N,212.53,198.32,106.95
LE20,18,F,2008,9,U,187.5,235.29,221.73
LE20,18,F,2008,9,U,127,94.12,94.12
LE20,18,M,2008,9,N,227.48,118.32,63.34
LE20,18,M,2008,1,U,151.66,73.12,33.76
LE20,19,F,2008,10,P,145,131.72,131.72
LE20,19,F,2007,11,U,127,112.28,112.29
LE20,19,F,2007,9,U,133.1,112.28,103.65
LE20,19,M,2008,1,U,280,415.72,335.42
LE20,19,M,2007,11,U,209,166.29,134.26
LE20,19,M,2007,8,U,148.82,83.14,70.09
LE20,19,M,2009,2,U,151.66,77.3,33.8
LE20,19,M,2010,6,U,142,63.39,63.39
LE20,20,F,2008,3,P,225,399.86,326.21
LE20,20,F,2007,12,P,240.3,399.86,252.65
LE20,20,F,2009,7,P,145,131.62,131.62
LE20,20,F,2008,6,U,127,115.38,115.38
LE20,20,F,2008,7,U,151.63,194.75,183.41
LE20,20,F,2008,8,U,135.64,115.38,103.26
LE20,20,M,2008,9,N,413.79,783.82,534.54
LE20,20,M,2008,7,P,251,215.45,166.2
LE30,18,M,2009,6,U,286.5,331.37,331.37
LE30,19,M,2008,9,U,200,192.65,192.64
LE30,19,M,2009,4,U,213.6,167.57,167.57
LE30,20,M,2008,12,P,258.46,277.98,218.66
LE30,20,M,2009,1,P,535.35,3000.62,2872.81
LE30,21,F,2008,5,U,174,253.62,253.62
LE30,21,F,2008,7,U,190,330.07,330.07
LE30,21,F,2009,9,U,185.83,220.98,198.33
LE30,21,M,2008,1,N,587.4,1384.02,778.76
LE30,22,F,2009,6,N,295.84,467.66,449.59
LE30,22,F,2009,2,U,201.82,363.17,306.34
LE30,22,F,2010,8,U,261.66,512.51,406.92
LE30,22,M,2009,7,P,372.5,795.31,636.34
LE30,22,M,2008,4,U,435,1445.48,1163.37
LE30,22,M,2010,5,U,464.94,1900.56,1774.83
LE30,23,F,2009,2,N,295.84,591.77,494.78
LE30,23,F,2008,4,U,185.83,308.23,308.23
LE30,23,F,2008,10,U,245,770.56,689.58
LE30,23,F,2009,4,U,448.13,2481.02,2393.15
LE30,23,F,2009,6,U,185.83,268.68,258.19
LS10,35,M,2007,12,P,3350,9851.54,9851.54
LS10,38,M,2008,2,U,2850,10756.16,10756.14
LS10,38,M,2007,6,U,2986.8,10756.16,10756.16
LS10,39,M,2007,11,U,3050,11468.46,11468.44
LS10,39,M,2008,2,U,3050,11468.46,11468.44
LS10,39,M,2008,2,U,3050,11468.46,11468.44
LS10,40,M,2007,12,N,13211.16,32083.62,10829.34
LS10,43,M,2008,3,N,26820,67396.44,66660.28
LS10,47,M,2008,4,N,36150,123045.04,123045.04
LS10,49,M,2008,1,P,23750,73024.28,73024.28
LS10,52,M,2008,3,P,17461.8,46046.86,13307.94
LS10,53,M,2008,1,N,32226,82658.14,31934.48
LS10,53,M,2007,12,U,28150,78253.86,78253.86
LS10,55,M,2007,8,N,55030,169925.9,169925.9
LS10,57,M,2008,2,N,47841.2,126085.1,54160.96
LS10,58,F,2007,11,U,44550,126594.06,126594.06
LS10,61,M,2007,11,P,77350,205892.24,205892.24
LS15,30,M,2007,10,U,3038.5,17033.9,13198.6
LS15,36,M,2007,11,N,10470,75675.78,72352.24
LS15,39,M,2007,10,P,11072.5,102497.24,88515.48
LS15,40,M,2008,2,U,4350,46954.38,43670.66
LS15,43,M,2007,11,P,10110,90445.16,90445.16
LS15,46,M,2008,2,P,29076.9,245579.78,212111.02
LS15,48,M,2007,9,P,15089.5,125093.64,125093.64
LS15,48,M,2007,10,U,17090,130743.96,130743.96
LS15,49,M,2008,4,P,24450,199366.42,199366.42
LS15,54,M,2007,10,P,26350,231916.86,231916.86
LS15,55,M,2007,10,P,33642,279006.62,244924.02
LS15,55,M,2007,12,U,26790,225851.22,225851.22
LS15,58,M,2007,11,P,78950,687986.88,687986.88
LS20,28,F,2008,4,U,4490,28787.58,25655.54
LS20,30,M,2008,2,U,4432.2,32999.98,21893.34
LS20,36,M,2008,2,N,22750,234836.66,216094.18
LS20,36,M,2008,4,U,4550,61453.1,53316.74
LS20,36,M,2007,12,U,4550,62867.92,58486.42
LS20,37,M,2007,9,P,13350,166526.7,163457.26
LS20,37,M,2008,3,U,5073,69067.48,50833.78
LS20,38,M,2008,4,P,7150,88282.22,83434.84
LS20,39,M,2007,9,P,11400,152430.7,151837.16
LS20,39,M,2007,12,U,5650,87316.4,83977.42
LS20,39,M,2008,3,U,5650,87316.4,83859
LS20,39,M,2008,5,U,8971.2,123493.06,114577.72
LS20,40,M,2008,2,P,8350,111339.52,111339.52
LS20,40,M,2007,11,U,6250,95432.84,95041.84
LS20,41,M,2008,1,P,9424.5,119559.32,111228.9
LS20,41,M,2007,11,U,8550,122481.82,122481.84
LS20,43,M,2008,3,N,20850,226552.16,210319.8
LS20,43,M,2008,2,P,11450,144556.2,144556.2
LS20,45,M,2007,10,P,21300,266448.08,266448.08
LS20,45,M,2008,2,P,28350,355264.1,355264.1
LS30,31,M,2007,12,N,35617.8,336276.94,274797.02
LS30,31,M,2007,10,P,21733.8,233566.4,201004.94
LS30,34,F,2008,3,P,15550,271406.96,254712.44
LS30,39,F,2007,11,N,39550,601116.2,562071.46
LS30,42,M,2008,5,P,40610,600404.4,600404.4
LS30,44,M,2007,12,U,81901.2,1349898.44,1253939.96
LT10,18,F,2009,9,U,134.57,436.39,373.91
LT10,19,F,2009,9,U,134.57,437.2,365.71
LT10,19,M,2010,4,N,288.36,182.66,182.66
LT10,19,M,2009,7,U,167.5,97.45,97.44
LT10,19,M,2009,8,U,178.89,97.45,51.74
LT10,20,F,2009,6,U,126,508.89,396.11
LT10,20,M,2009,9,N,410,382.55,382.55
LT10,20,M,2009,7,U,1225,1959.5,1959.48
LT10,21,M,2009,5,U,134,36.86,36.86
LT10,22,F,2010,1,N,261.66,148.31,28.39
LT10,22,M,2009,5,N,270,160.69,160.69
LT10,22,M,2009,7,S,1145.43,593.33,385.52
LT10,22,M,2009,7,U,1225,1663.49,1663.48
LT10,22,M,2009,8,U,140.43,33.27,19.06
LT10,23,F,2009,7,N,185.83,692.48,404.26
LT10,23,M,2009,8,N,335,295.51,295.5
LT10,23,M,2009,7,N,198.07,58.07,28.74
LT10,24,F,2009,6,U,165.54,91.77,76.18
LT10,24,M,2011,9,N,1515,1316.75,1316.74
LT10,24,M,2009,12,U,440.16,465.57,28.62
LT15,19,M,2010,1,P,229.62,141.54,3.62
LT15,19,M,2009,9,U,175,115.82,115.8
LT15,24,F,2009,12,N,437.88,711.85,440.96
LT15,24,F,2009,12,U,215,257.68,257.68
LT15,24,M,2009,12,N,809.01,715.47,3.02
LT15,24,M,2009,11,U,2875,5047.24,5044.08
LT15,25,M,2009,11,U,235,231.06,230.88
LT15,26,F,2009,9,U,357.78,889.84,687.14
LT15,26,F,2009,10,U,180.25,222.46,161.79
LT15,26,M,2010,7,N,393,305.05,209.18
LT15,26,M,2009,9,P,290,410.13,409.79
LT15,27,F,2009,11,N,299.04,460.99,320.03
LT15,28,M,2010,3,U,386.25,982.39,636.38
LT15,28,M,2009,10,U,330.63,595.47,414.97
LT15,29,F,2010,1,N,592.5,1587.74,1587.74
LT15,29,F,2009,5,U,224.28,551.98,527.57
LT15,29,M,2010,2,N,1377.72,3213,1619.31
LT15,29,M,2010,4,N,1328.7,2854.51,2854.51
LT15,29,M,2009,11,N,512.64,1071,657.1
LT15,29,M,2010,6,T,599.98,629.45,629.46
LT20,18,F,2009,10,U,151,465.03,432.02
LT20,18,M,2009,10,U,645,1160.28,814.21
LT20,19,M,2009,8,P,265.89,617.26,471.35
LT20,20,F,2009,8,U,135,476.41,388.72
LT20,20,F,2009,9,U,144.18,476.41,353.08
LT20,20,F,2009,9,U,160.17,512.66,387.24
LT20,21,F,2009,7,U,250,472.94,472.28
LT20,21,F,2009,8,U,218.94,771.22,476.14
LT20,21,F,2009,8,U,218.94,771.22,476.14
LT20,21,F,2009,9,U,135,473.02,382.13
LT20,21,M,2009,9,U,280,348.05,347.65
LT20,21,M,2009,12,U,895,1392.2,1390.59
LT20,21,M,2010,4,U,248.31,163.76,163.76
LT20,22,F,2009,8,N,227.48,754.94,525.83
LT20,22,F,2009,5,U,267,512.14,492.89
LT20,22,F,2010,3,U,267,512.14,307.96
LT20,22,F,2009,10,U,258.93,325.61,265.17
LT20,22,M,2009,5,N,419.19,311.93,285.34
LT20,23,F,2009,9,P,182.6,578.25,411.95
LT20,23,M,2010,1,N,419.19,346.56,130.94
LT30,18,F,2009,8,U,201.85,461.04,399.24
LT30,21,F,2009,8,U,288.36,491.09,443.15
LT30,21,M,2009,6,U,4425,9955.17,9918.46
LT30,21,M,2009,10,U,464.58,919.55,720.43
LT30,21,M,2009,8,U,383.22,519.8,468.69
LT30,23,F,2010,3,P,349.77,756.61,564.49
LT30,23,F,2009,5,U,347.1,1199.27,1167.28
LT30,23,M,2009,5,N,1723.96,4178.3,4160.21
LT30,23,M,2009,8,U,464.58,1138.73,989.12
LT30,24,F,2009,11,N,516.14,1245.46,1073.1
LT30,24,F,2009,6,U,575,2662.88,2653.05
LT30,24,F,2009,9,U,288.36,665.72,588.56
LT30,24,M,2009,8,U,349.77,646.82,567.21
LT30,25,F,2009,9,P,780.24,2877.85,2680.59
LT30,25,F,2009,11,U,325,1484.72,1479.14
LT30,25,F,2009,10,U,288.36,742.36,642.31
LT30,25,M,2009,9,P,1045,3695.34,3679.66
LT30,25,M,2010,5,P,575,1541.19,1541.19
LT30,26,F,2009,11,N,784.98,3052.13,2582.91
LT30,26,F,2010,5,U,325,1391.85,1391.85
LTa10,18,M,2010,12,N,381.75,290.19,90.12
LTa10,18,M,2010,12,U,232.29,88.17,-1.84
LTa10,23,M,2010,11,N,3575,3065.57,3065.57
LTa10,24,M,2010,11,U,217.5,76.81,76.82
LTa10,25,F,2010,12,U,325.74,300.39,103.13
LTa10,25,F,2010,11,U,205,100.13,100.13
LTa10,25,M,2011,5,N,384.25,262.85,236.66
LTa10,25,M,2010,11,P,475,398.85,398.85
LTa10,25,M,2010,10,U,272.34,156.91,33.89
LTa10,25,M,2011,4,U,2725,3029.48,3029.48
LTa10,26,F,2011,7,P,280,261.17,261.17
LTa10,26,M,2010,10,P,485,420.59,420.59
LTa10,27,M,2010,7,N,384.25,308.87,227.86
LTa10,27,M,2011,8,P,726.24,688.29,294.99
LTa10,27,M,2010,8,S,950,705.6,705.6
LTa10,27,M,2010,11,U,255,201.97,201.97
LTa10,28,F,2010,8,N,432.54,517.24,370.16
LTa10,28,F,2011,6,N,982.56,1447.44,1226.81
LTa10,28,F,2011,1,P,745,1354.93,1354.93
LTa10,28,F,2010,11,U,250,268.6,268.6
LTa15,20,F,2010,9,U,280.29,183.97,143.1
LTa15,21,F,2011,3,P,269.67,165.23,58.6
LTa15,21,F,2010,8,U,288.36,266.74,220.73
LTa15,23,M,2010,10,S,814.35,1948.57,601.77
LTa15,24,F,2011,12,N,497.8,567.92,365.02
LTa15,26,M,2011,4,P,365,322.58,322.58
LTa15,27,M,2010,7,N,1011.32,1274.15,946.22
LTa15,27,M,2010,7,U,261.66,219.15,169.16
LTa15,28,F,2011,4,U,282.79,255.23,255.23
LTa15,28,F,2010,10,U,225,235.32,235.32
LTa15,28,F,2010,9,U,282.79,296,234.98
LTa15,28,M,2010,9,N,17405,13314.56,13314.56
LTa15,28,M,2010,12,N,1115,1902.36,1902.36
LTa15,28,M,2011,4,U,822.68,1523.26,1523.26
LTa15,29,F,2011,3,U,325.74,608.82,290.47
LTa15,29,M,2010,10,N,1019.94,1903.01,1194.7
LTa15,29,M,2010,9,N,955,1903.01,1903.01
LTa15,29,M,2011,7,U,310,444.2,444.2
LTa15,30,F,2011,2,N,517.98,1031.01,547.27
LTa15,30,M,2011,3,N,375,566.42,566.42
LTa20,18,F,2010,9,U,255,660.42,596.82
LTa20,18,M,2010,7,U,341.7,227.37,191.18
LTa20,20,F,2010,12,P,4625,9362.89,9362.89
LTa20,20,F,2010,9,U,255,756.17,582.33
LTa20,21,F,2010,7,N,472.53,1296.83,877.34
LTa20,21,F,2010,8,U,335.36,413.56,360.8
LTa20,21,M,2011,5,U,301.71,147.78,135.04
LTa20,22,F,2011,10,P,317.73,686.31,413.98
LTa20,22,F,2011,6,U,272.34,190.05,180.77
LTa20,22,M,2011,3,N,635,596.45,596.45
LTa20,22,M,2011,7,U,735,790.38,790.38
LTa20,22,M,2011,7,U,735,790.38,790.38
LTa20,23,F,2010,9,N,598.08,906.22,722.06
LTa20,23,F,2010,6,U,341.76,485.26,446.06
LTa20,23,F,2010,12,U,341.76,485.26,328.43
LTa20,23,F,2011,3,U,320,485.26,485.26
LTa20,23,F,2011,6,U,320,411.96,411.96
LTa20,23,M,2011,3,N,839,889.5,889.5
LTa20,23,M,2010,12,P,400.44,314.37,164.83
LTa20,23,M,2010,8,U,350,367.21,367.21
LTa30,20,F,2011,5,U,320,304.88,304.88
LTa30,21,F,2011,4,T,830.54,912.99,912.98
LTa30,23,F,2010,12,U,400,1014.42,1014.42
LTa30,23,F,2010,12,U,341.76,507.21,396.33
LTa30,23,M,2011,6,N,1825,2966.03,2966.03
LTa30,23,M,2011,4,N,1608.68,2209.55,2209.55
LTa30,23,M,2010,9,N,704.78,887.48,780.44
LTa30,23,M,2010,9,P,521.53,666.68,666.69
LTa30,23,M,2010,7,U,520,965.19,965.19
LTa30,24,M,2010,5,U,520,1083.29,1083.29
LTa30,24,M,2011,5,U,905,1772.06,1772.06
LTa30,25,F,2010,10,U,675,2496.37,2496.37
LTa30,25,F,2010,8,U,427.2,1248.18,1118.12
LTa30,25,F,2010,11,U,427.2,1248.18,1053.08
LTa30,25,F,2011,1,U,341.76,624.09,477.77
LTa30,25,M,2011,5,N,1137.42,1813.33,1733.6
LTa30,25,M,2010,10,U,905,2468.48,2468.48
LTa30,26,F,2010,11,P,405.84,870.25,714.89
LTa30,26,F,2010,11,U,427.2,1391.85,1144.07
LTa30,26,F,2011,3,U,400,1391.85,1391.85
LTb10,58,M,2011,9,U,4465,25293.45,25293.45
LTb10,58,M,2011,9,U,4465,25293.45,25293.45
LTb10,58,M,2012,1,U,2295,12646.73,12646.73
LTb10,58,M,2012,1,U,13579,78409.7,78409.7
LTb10,58,M,2011,7,U,2451.06,12646.73,10485.65
LTb10,58,M,2011,12,U,2451.06,12646.73,6883.86
LTb10,58,M,2012,1,U,3609.84,18970.09,9245.24
LTb10,58,M,2011,8,U,2405.16,12646.73,10485.65
LTb10,58,M,2011,11,U,3542.24,18970.09,12486.86
LTb10,58,M,2011,11,U,4679.32,25293.45,16649.14
LTb10,58,M,2011,12,U,2859.99,15176.07,9989.49
LTb10,58,M,2012,2,U,41065.88,227641.06,110942.9
LTb10,58,M,2011,6,U,1210,6323.36,6323.36
LTb10,58,M,2011,9,U,1210,6323.36,6323.36
LTb10,58,M,2011,9,U,1210,6323.36,6323.36
LTb10,58,M,2012,1,U,1871.67,9485.04,4622.62
LTb10,58,M,2011,7,U,1495.5,7588.04,6291.39
LTb10,58,M,2011,7,U,1950.33,10117.38,8388.52
LTb10,58,M,2011,11,U,1268.08,6323.36,4162.28
LTb10,58,M,2011,12,U,1495.5,7588.04,4994.75
LTb15,25,M,2011,10,N,375,196.93,196.93
LTb15,26,F,2011,8,P,331.08,442.2,340.25
LTb15,26,F,2011,11,U,288.36,350.06,208.5
LTb15,26,M,2011,10,N,576.72,448.2,128.62
LTb15,27,M,2011,11,U,325.74,317.64,123.25
LTb15,28,M,2011,10,P,667.5,927.46,481.79
LTb15,29,M,2012,2,N,592.74,289.29,-282.25
LTb15,29,M,2012,1,U,310,444.2,444.2
LTb15,30,M,2011,11,N,1451.48,2923.46,1804.15
LTb15,31,M,2011,12,N,1155,2540.89,2540.89
LTb15,31,M,2012,1,P,421.86,749.73,357.88
LTb15,31,M,2012,1,T,664.83,735.07,377.11
LTb15,31,M,2011,12,U,645,1324.82,1324.82
LTb15,31,M,2011,7,U,325,591.48,591.48
LTb15,32,F,2011,9,N,726.24,1551.13,1135.41
LTb15,32,M,2011,11,N,630.12,1318.35,822.31
LTb15,32,M,2011,10,P,1545,3813.44,3813.44
LTb15,32,M,2011,12,P,696.92,1722.33,1163.1
LTb15,32,M,2011,9,U,475,1344.17,1344.17
LTb15,32,M,2011,11,U,507.3,1344.17,835.47
LTb20,19,M,2011,10,N,515.31,328.6,170.37
LTb20,20,F,2011,8,U,315.06,650.73,460.08
LTb20,22,M,2012,2,N,1125,1115.73,1115.73
LTb20,23,M,2012,2,T,955,881.96,881.96
LTb20,23,M,2011,12,U,1025,1337.67,1337.67
LTb20,24,M,2011,8,U,373.8,355.5,242.88
LTb20,25,F,2011,8,U,341.76,476.19,388.17
LTb20,25,F,2011,12,U,341.76,476.19,300.15
LTb20,25,F,2011,11,U,255,238.1,238.1
LTb20,25,M,2011,12,N,678.18,701.27,237.22
LTb20,25,M,2011,11,U,1025,1580.73,1580.73
LTb20,25,M,2011,6,U,350,395.18,395.18
LTb20,25,M,2011,8,U,373.8,395.18,277.7
LTb20,26,F,2012,2,N,603.42,969.98,573.51
LTb20,26,F,2011,11,P,317.73,323.91,220.64
LTb20,26,F,2011,7,U,341.76,512.66,442.45
LTb20,26,M,2011,11,N,472.59,412.22,200.07
LTb20,26,M,2011,8,U,624.78,919.94,673.82
LTb20,26,M,2011,9,U,282.5,229.98,229.99
LTb20,27,F,2011,9,P,389.82,707.18,549.88
LTb30,24,F,2011,9,U,400,915.15,915.15
LTb30,24,F,2011,12,U,383.41,549.09,405.25
LTb30,25,F,2011,12,U,675,2027,2027
LTb30,25,F,2012,2,U,427.2,1013.5,688.34
LTb30,25,M,2012,2,P,811.74,1318.09,779.22
LTb30,25,M,2011,8,U,555.36,996.28,831.78
LTb30,26,F,2012,1,P,1370,4225.45,4225.45
LTb30,27,F,2011,10,N,897.12,2301.51,1875.03
LTb30,27,F,2011,7,U,1329.66,5037.03,4573.32
LTb30,27,F,2012,1,U,405,1259.26,1259.26
LTb30,27,M,2011,9,N,1137.42,2381.38,1929.37
LTb30,27,M,2012,1,N,1137.42,2381.38,1567.76
LTb30,27,M,2012,1,P,695,1641.1,1641.1
LTb30,27,M,2011,12,P,585.26,984.66,694.87
LTb30,27,M,2011,9,U,535,1328.71,1328.71
LTb30,27,M,2011,9,U,535,1328.71,1328.71
LTb30,28,F,2012,1,U,725,2821.26,2821.26
LTb30,28,F,2012,1,U,774.3,2821.26,2060.17
LTb30,28,F,2012,1,U,453.9,1410.63,1030.09
LTb30,28,F,2011,9,U,360.45,705.32,599.61
LTc10,18,M,2013,1,U,194.91,113.13,11.82
LTc10,19,M,2012,9,U,220,158.03,149.78
LTc10,22,M,2013,1,U,350,501.02,501.02
LTc10,23,M,2012,10,U,234.96,177.58,33.7
LTc10,24,M,2012,5,N,339.55,35.17,35.17
LTc10,24,M,2012,10,P,270,217.08,217.08
LTc10,24,M,2013,4,P,288.36,31.43,31.43
LTc10,24,M,2012,8,P,232.29,76.12,12.76
LTc10,24,M,2012,12,U,220,215.09,215.09
LTc10,25,F,2012,8,N,277.68,133.43,71.94
LTc10,25,F,2012,7,U,170,65.92,65.92
LTc10,25,M,2012,11,N,445,348.95,348.95
LTc10,25,M,2013,1,N,475.26,449.72,0
LTc10,25,M,2013,3,P,469.92,724.53,19.1
LTc10,26,F,2012,10,U,331.08,373.94,164.79
LTc10,26,F,2012,3,U,170,143.41,143.41
LTc10,26,M,2012,4,N,475.26,0,0
LTc10,26,M,2012,7,N,382.5,109.4,109.4
LTc10,26,M,2013,3,N,343.24,365.71,128.14
LTc10,26,M,2013,1,P,270,290.8,290.8
LTc15,18,F,2013,2,N,283.02,516.17,170.11
LTc15,19,F,2012,11,U,170.88,94.02,51.37
LTc15,22,M,2012,4,N,331.08,48.93,48.93
LTc15,23,M,2012,2,S,2265,2712.54,2712.54
LTc15,24,M,2013,1,N,324.88,265.76,36.71
LTc15,25,M,2013,1,N,929.16,1047.94,110.73
LTc15,25,M,2012,4,N,376.44,129.2,112.81
LTc15,25,M,2013,2,P,213.6,199.21,29.62
LTc15,26,F,2013,3,S,627.42,1167.6,498.5
LTc15,26,F,2012,4,U,205,200.38,200.38
LTc15,26,M,2013,3,N,865.17,1179.86,251.46
LTc15,27,F,2013,1,N,790.32,1376.02,648.66
LTc15,27,F,2012,6,P,255,318.07,318.07
LTc15,27,F,2013,2,U,210,379.58,379.58
LTc15,27,F,2013,2,U,384.48,759.16,328.24
LTc15,27,F,2012,12,U,224.28,345.44,173.89
LTc15,27,M,2012,12,N,1005,1284.29,1284.29
LTc15,27,M,2012,2,N,592.12,891.36,377.33
LTc15,27,M,2012,9,P,587.4,597.47,239.21
LTc15,27,M,2012,12,U,256.32,317.11,94.95
LTc20,18,M,2013,3,P,272.5,204.58,204.58
LTc20,18,M,2012,10,U,217.5,108.15,108.15
LTc20,19,F,2013,4,P,290,187.15,145.97
LTc20,19,M,2013,2,N,388.83,293.27,145.26
LTc20,20,F,2013,3,U,202.92,367.3,157.88
LTc20,20,M,2012,9,P,360,263.6,263.6
LTc20,22,F,2013,3,U,199.12,185.93,101.73
LTc20,22,M,2012,3,N,1302.96,1875.97,673.27
LTc20,22,M,2013,4,P,469.92,178.92,178.92
LTc20,22,M,2012,5,U,285,164.77,164.77
LTc20,22,M,2012,6,U,285,187.3,187.3
LTc20,22,M,2012,7,U,285,209.82,209.82
LTc20,22,M,2012,5,U,232.29,82.39,69.28
LTc20,23,F,2013,4,U,202.92,87.73,87.73
LTc20,23,M,2013,1,U,352.5,479.89,479.89
LTc20,23,M,2013,4,U,285,112.43,112.43
LTc20,24,F,2012,3,N,363.12,480.76,266.39
LTc20,24,F,2012,12,P,290,487.62,487.62
LTc20,24,F,2012,8,U,429.68,664.19,539.72
LTc20,24,F,2012,12,U,272.34,385.69,219.73
LTc30,18,F,2012,8,N,765,947.35,811.71
LTc30,18,F,2012,10,U,640.8,857.07,547.06
LTc30,18,M,2013,5,U,302.5,170.35,145.67
LTc30,19,M,2012,4,N,638.13,611.15,341.74
LTc30,19,M,2012,3,U,445,673.86,642.56
LTc30,20,F,2012,8,P,455,561.02,561.02
LTc30,20,F,2013,4,P,485.94,346.16,346.16
LTc30,20,F,2012,3,U,325,664.46,664.46
LTc30,20,M,2012,10,P,392.5,296.78,296.78
LTc30,21,M,2012,12,U,445,569.45,569.45
LTc30,21,M,2012,4,U,484.87,318.52,318.52
LTc30,22,F,2013,4,N,817.02,650.42,650.42
LTc30,22,F,2012,3,U,304.38,428.34,281.57
LTc30,22,M,2012,10,N,638.13,540.4,336.72
LTc30,23,F,2012,5,U,261.66,289.02,275.16
LTc30,23,M,2012,11,N,1458.89,1731.25,1031.94
LTc30,23,M,2013,1,U,830,1460.92,1460.92
LTc30,24,F,2012,3,U,1228.2,3912.19,2593.64
LTc30,24,M,2012,3,N,3727.32,7445.78,4134.18
LTc30,24,M,2012,2,N,597.5,907.27,907.27
LTd10,21,M,2014,8,S,11865,6068.47,6068.47
LTd10,21,M,2013,10,U,157.5,82.84,82.84
LTd10,22,M,2014,12,N,2850,3186.89,3186.89
LTd10,23,F,2014,3,T,424.53,539.59,187.73
LTd10,23,F,2014,2,U,165.54,91.03,16.62
LTd10,23,M,2013,8,N,475.26,237.18,41.68
LTd10,23,M,2015,1,N,533.75,558.18,558.18
LTd10,23,M,2014,11,P,3590,4565.67,4565.67
LTd10,24,F,2013,6,U,331.08,176.33,113.89
LTd10,24,M,2013,8,N,293.55,113.12,113.12
LTd10,24,M,2013,6,U,373.8,141.87,44.75
LTd10,25,F,2014,9,N,610,390.35,390.35
LTd10,25,F,2014,2,N,486.61,434.86,88.39
LTd10,25,F,2013,9,U,155,68.86,68.86
LTd10,25,F,2013,11,U,165.54,82.88,25.25
LTd10,25,F,2013,10,U,159.65,75.87,26.46
LTd10,25,M,2013,11,N,833.04,705.3,0
LTd10,25,M,2013,4,N,664.83,0,0
LTd10,25,M,2013,12,N,408.51,302.27,0
LTd10,25,M,2014,3,U,234.96,280.72,10.03
LTd15,20,M,2014,6,P,197.5,40.28,40.28
LTd15,21,M,2014,1,P,520,628.41,628.41
LTd15,21,M,2014,9,P,210.93,86.09,7.72
LTd15,23,M,2015,1,U,245.64,231.72,7.39
LTd15,25,F,2013,7,N,277.68,163.55,109.57
LTd15,25,M,2014,7,P,197.5,64.95,64.95
LTd15,25,M,2013,7,U,245.64,120.95,42.25
LTd15,26,F,2015,1,U,229.62,201.63,18.77
LTd15,26,M,2013,4,U,650,207.21,198.25
LTd15,26,M,2013,6,U,202.5,73.38,73.38
LTd15,26,M,2014,2,U,395.16,597.12,57.1
LTd15,27,F,2013,6,U,340,366.9,366.9
LTd15,27,F,2013,4,U,215,152.45,152.45
LTd15,27,F,2014,1,U,221.45,291.95,162.67
LTd15,27,M,2013,9,N,523.32,359.73,85.8
LTd15,27,M,2013,9,N,523.32,359.73,85.8
LTd15,27,M,2013,6,U,380,257.56,257.56
LTd15,27,M,2013,7,U,374.87,275.01,124.64
LTd15,28,F,2013,5,N,464.58,354.32,311.45
LTd15,28,F,2013,11,P,7090,14113.45,14113.45
LTd20,18,F,2014,2,U,200.25,108.07,38.92
LTd20,18,M,2014,1,N,565,485.67,485.67
LTd20,19,F,2014,8,U,1020,734.11,618.63
LTd20,19,M,2013,7,N,397.83,111.73,37.73
LTd20,19,M,2014,10,N,397.83,158.62,10.62
LTd20,19,M,2013,12,U,315.06,239.03,44.15
LTd20,20,F,2014,4,U,200.25,31.65,31.65
LTd20,20,M,2014,3,U,272.34,193.09,45.3
LTd20,21,F,2013,5,U,200.25,78.64,69.77
LTd20,21,F,2013,8,U,200.25,96.29,60.84
LTd20,21,M,2013,9,N,372.5,176.78,176.78
LTd20,21,M,2014,5,N,397.83,53.43,27.81
LTd20,21,M,2014,7,N,397.83,99.62,22.76
LTd20,21,M,2014,10,N,397.83,168.9,15.17
LTd20,21,M,2014,8,P,1890,1025.69,1025.69
LTd20,21,M,2013,11,U,309.16,239.62,86.25
LTd20,21,M,2014,1,U,295,283.42,283.42
LTd20,21,M,2014,1,U,295,283.42,283.42
LTd20,22,F,2014,8,P,245.64,80.34,33.19
LTd20,22,F,2013,7,U,427.2,392.22,279.94
LTd30,18,F,2013,9,P,907.8,765.66,454.77
LTd30,18,M,2014,4,U,1870,522.11,473.09
LTd30,18,M,2013,11,U,300,168.76,168.76
LTd30,19,F,2014,7,P,470,215.01,200.04
LTd30,19,F,2014,5,U,273,89.95,81.56
LTd30,19,M,2014,6,U,875.76,315.51,173.76
LTd30,20,F,2013,8,U,249.78,161.62,161.62
LTd30,20,F,2014,11,U,5090,4347.31,4347.31
LTd30,20,M,2014,4,U,1870,587.33,587.33
LTd30,20,M,2013,9,U,300,174.83,174.82
LTd30,21,F,2014,10,U,340,225.19,225.19
LTd30,21,M,2013,8,N,1051.98,667.42,404.06
LTd30,22,F,2014,3,U,273,286.54,286.54
LTd30,22,F,2015,1,U,291.56,168.1,26.05
LTd30,22,M,2013,8,U,637.5,601.52,601.52
LTd30,22,M,2014,3,U,680.85,830.66,254.57
LTd30,23,F,2013,4,N,811.68,728.34,728.34
LTd30,23,F,2014,3,P,300,328.72,328.72
LTd30,23,F,2013,12,U,242.5,242.99,242.99
LTd30,23,F,2014,1,U,363.12,498.07,242.7
MA10,18,F,2006,8,N,161,607.17,298.13
MA10,18,F,2006,8,P,355,279.48,279.48
MA10,18,M,2006,8,U,195,531.94,531.94
MA10,18,M,2006,3,U,232.5,51.48,51.49
MA10,19,M,2007,2,N,174,48.54,48.54
MA10,19,M,2006,8,U,150.56,234.09,234.09
MA10,19,M,2007,8,U,187,96.75,96.75
MA10,19,M,2007,8,U,134.57,27.64,44.72
MA10,20,F,2006,5,U,127.09,465.55,74.58
MA10,20,F,2006,10,U,143.08,609.49,218.52
MA10,20,M,2006,6,U,345,505.03,505.03
MA10,20,M,2006,2,U,228,89.53,81.26
MA10,21,F,2007,8,U,143.08,425.93,195.55
MA10,22,F,2006,6,U,275,333.42,333.42
MA10,22,F,2006,4,U,190,166.71,166.71
MA10,22,F,2006,8,U,190,166.71,166.71
MA10,22,F,2006,4,U,145,83.35,83.35
MA10,22,M,2006,9,U,165.54,123.81,123.81
MA10,22,M,2007,8,U,150.56,415.39,234.72
MA10,23,F,2006,2,U,377.28,96.6,118.35
MA15,20,F,2007,4,U,133.5,309.52,109.05
MA15,20,M,2006,4,U,137.77,60.95,60.95
MA15,21,M,2006,12,U,137.77,61.96,61.96
MA15,23,F,2006,1,N,252.5,315.17,315.17
MA15,23,M,2006,4,N,212.53,77.09,77.09
MA15,24,M,2005,12,U,162.5,234.32,234.32
MA15,24,M,2007,6,U,154.76,289.22,288.17
MA15,25,F,2006,6,U,240.3,765.65,765.65
MA15,25,F,2007,6,U,149.49,469.17,311.27
MA15,26,F,2006,8,N,364.46,614.29,614.29
MA15,26,M,2007,8,P,507.3,1376.26,1236.13
MA15,27,F,2006,4,U,240.3,870.47,870.47
MA15,27,M,2006,6,P,678.18,2211.59,2211.59
MA15,27,M,2006,3,U,240.3,794.85,794.85
MA15,27,M,2006,3,U,325.29,2229.58,2229.57
MA15,27,M,2006,8,U,162.5,394.93,394.93
MA15,28,F,2005,12,P,157.64,190.3,190.3
MA15,28,M,2006,1,N,805,1880.15,1880.15
MA15,28,M,2006,6,U,355,1888.09,1888.09
MA15,28,M,2006,6,U,635,3776.17,3776.17
MA20,18,F,2006,7,N,314.4,1507.44,1300.33
MA20,18,F,2006,11,U,265.93,2168.19,2133.64
MA20,18,M,2006,9,U,212.5,392.91,231.69
MA20,18,M,2007,9,U,293.69,1982.53,1997.99
MA20,19,F,2007,7,U,309,671.58,671.58
MA20,19,F,2007,9,U,127,216.23,155.12
MA20,19,M,2006,9,P,163,134.42,95.65
MA20,19,M,2007,7,U,142,82.62,82.62
MA20,19,M,2007,1,U,151.66,87.68,95.65
MA20,20,F,2007,7,N,468.58,1109.38,638.14
MA20,20,F,2007,2,N,195,804.9,442.27
MA20,20,M,2006,5,U,212.5,261.13,261.13
MA20,20,M,2005,12,U,266.94,791.83,791.83
MA20,20,M,2006,7,U,288.19,2250.21,2250.21
MA20,21,F,2007,6,N,208.26,709.93,386.44
MA20,21,F,2006,6,U,135.64,199.62,199.62
MA20,21,F,2006,10,U,135.64,199.62,199.62
MA20,21,M,2007,7,U,369,665.19,665.19
MA20,21,M,2007,8,U,142,110.87,110.86
MA20,22,F,2006,9,N,195,748.2,415.29
MA30,18,M,2007,2,U,379.09,754.89,844.7
MA30,19,F,2007,9,U,219.67,1344.87,1359.14
MA30,19,M,2006,5,U,309,2705.87,2268.8
MA30,20,F,2006,6,P,200,784.78,784.78
MA30,20,F,2006,8,U,219.67,1690.2,1690.2
MA30,20,M,2006,10,P,316.23,2373.04,2373.04
MA30,20,M,2006,7,U,225.6,557.03,557.03
MA30,21,M,2007,3,U,379.09,1027.1,1142.34
MA30,22,F,2007,2,P,258.1,1930.97,1953.66
MA30,22,F,2006,4,U,1264.68,12474.4,12474.4
MA30,22,M,2006,5,P,300.24,2200.3,2202.85
MA30,22,M,2007,4,P,300.24,1922.47,1921.61
MA30,22,M,2007,3,T,639.03,4541.31,4594.57
MA30,22,M,2006,7,U,225.6,685.49,685.49
MA30,23,F,2006,3,N,2455,12721.5,12721.5
MA30,23,M,2007,8,P,723,2872.27,2872.27
MA30,23,M,2006,5,U,2115.68,20417.8,20417.8
MA30,24,F,2006,1,P,470,3529.56,3529.56
MA30,24,F,2006,5,U,682.1,7104.56,7104.56
MA30,24,F,2006,7,U,185.83,641.93,641.93
OWL,10,F,1982,2,N,1.5545,6848.99,6303.77
OWL,10,F,1982,3,N,7.2032,44197.37,42654.48
OWL,10,F,1982,4,N,0.732,3427.09,3427.09
OWL,10,F,1982,5,N,4.088,25766.82,25766.82
OWL,10,F,1982,6,N,0.914,5274.85,5274.85
OWL,10,F,1982,8,N,6.0025,44022.89,43134.44
OWL,10,F,1982,9,N,0.754,3726.05,3726.05
OWL,10,F,1982,12,N,2.476,12467.8,10910.31
OWL,10,F,1982,2,N,0.9047,5079.5,5042.09
OWL,10,F,1982,4,N,6.0277,34991.05,34069.8
OWL,10,F,1982,5,N,1.0322,5588.95,5468.7
OWL,10,F,1982,6,N,0.6701,2091.96,1463.75
OWL,10,F,1982,7,N,1.4,6326.58,5836.36
OWL,10,F,1982,10,N,1.3127,6775.03,6775.03
OWL,10,F,1982,11,N,1.3291,7014.62,7002.01
OWL,10,F,1982,12,N,0.3779,1092.81,835.79
OWL,10,F,1982,4,N,0.8301,4346,4270.06
OWL,10,F,1982,8,N,0.7781,3842.1,3772.26
OWL,10,M,1982,1,N,1.06,5372.58,5372.58
OWL,10,M,1982,4,N,2.115,12085.87,12085.87
P10P,25,M,2005,6,S,2979.72,688.25,688.25
P10P,29,M,2005,2,P,1709.8,611.73,611.73
P10P,29,M,2005,11,U,1605,557.94,557.94
P10P,30,F,2004,9,N,1548.6,602.22,600.85
P10P,30,M,2006,2,U,2449.99,828.63,828.63
P10P,32,F,2005,10,U,1495,630.9,630.9
P10P,32,M,2006,11,N,272.34,345.16,363.33
P10P,34,M,2006,3,N,3235.22,6202,6202
P10P,34,M,2005,5,U,2212.36,878.9,878.9
P10P,35,M,2005,7,P,3835,1718.17,1718.17
P10P,37,F,2005,10,N,1725,879.87,879.87
P10P,37,F,2006,8,U,315,1564.13,1564.13
P10P,37,M,2004,12,U,4533.66,2173.71,2180.11
P10P,37,M,2005,3,U,4533.66,2173.71,2173.71
P10P,37,M,2005,3,U,8987.22,4337.97,4337.97
P10P,37,M,2005,6,U,2090,1010.64,1010.64
P10P,38,M,2005,10,U,4448.76,2179.17,2179.17
P10P,39,M,2005,7,U,2230,1185.1,1185.1
P10P,41,F,2006,4,U,425,1951.73,1951.73
P10P,41,M,2005,10,N,2510,1389.6,1389.6
P15P,20,M,2005,12,P,495,704.38,704.38
P15P,22,M,2005,12,U,365,1016.11,1016.11
P15P,22,M,2005,10,U,240,508.05,508.05
P15P,25,F,2005,12,U,250.98,924.47,924.47
P15P,25,M,2005,3,U,389.82,1575.48,1575.48
P15P,25,M,2005,12,U,544.68,2490.92,2490.92
P15P,25,M,2004,9,U,256.32,787.74,786.97
P15P,27,M,2004,12,U,376.15,1647.63,1645.06
P15P,28,F,2005,8,U,250.98,1188.12,1188.12
P15P,28,M,2005,7,N,846.39,1998.04,1998.04
P15P,28,M,2005,11,U,686.44,4568.27,4568.27
P15P,30,F,2004,12,U,250.98,1303.21,1301.11
P15P,31,F,2005,7,P,455,3086.56,3086.56
P15P,31,M,2004,11,P,539.34,3065.73,3061.56
P15P,31,M,2005,6,P,539.34,3266.94,3266.94
P15P,31,M,2005,9,P,709.33,9178.79,9178.79
P15P,32,F,2005,6,N,809.01,3484.13,3484.13
P15P,32,F,2005,10,U,250.98,1659.79,1659.79
P15P,32,M,2004,9,U,1408,14693.78,14688.44
P15P,33,F,2005,10,N,945,5366.59,5366.59
P20P,19,M,2005,6,U,560.7,7015.09,1365.11
P20P,20,M,2005,9,P,415,1011.65,1011.65
P20P,24,M,2005,2,N,592.74,2284.7,2284.7
P20P,24,M,2005,12,U,1200,10734.63,10734.63
P20P,24,M,2005,1,U,730.69,9613.5,9613.5
P20P,24,M,2005,1,U,352.44,2284.7,2284.7
P20P,25,F,2005,7,P,582.06,5081.66,5081.66
P20P,25,F,2006,1,U,293.7,2566.08,2566.08
P20P,25,M,2005,12,U,560.7,4813.13,4813.13
P20P,25,M,2006,1,U,560.7,4866.86,4866.86
P20P,26,F,2005,7,N,1650.6,10949.08,10949.08
P20P,26,F,2006,1,U,453.9,5527.52,5527.52
P20P,26,F,2005,6,U,275,2737.27,2737.27
P20P,26,F,2004,12,U,373.69,4636.55,4621.52
P20P,26,F,2005,6,U,400.5,4105.91,4105.91
P20P,26,F,2005,9,U,491.13,6071.44,6071.44
P20P,26,M,2005,9,N,592.74,2644.57,2644.57
P20P,26,M,2005,4,U,525,5289.13,5289.13
P20P,26,M,2005,11,U,345.84,2644.57,2644.57
P20P,27,F,2005,11,N,528.66,2942.93,2942.93
P30P,23,F,2005,2,U,429.68,6071.26,6071.26
P30P,23,M,2006,1,P,726.24,5644.46,5644.46
P30P,24,M,2005,6,N,1016.56,6229.61,6229.61
P30P,25,F,2005,12,U,434.92,6540.03,6540.03
P30P,26,M,2005,3,U,566.04,8449.81,8449.81
P30P,27,M,2005,6,U,587.4,8439.14,8439.14
P30P,28,F,2004,9,U,445,8872.9,8743.79
P30P,28,M,2004,11,U,560,10223.79,10059.09
P30P,29,F,2004,12,U,460,9498.98,9360.93
P30P,29,F,2005,4,U,491.28,8682.39,8682.39
P30P,29,M,2005,12,P,770.28,10222.26,10222.26
P30P,30,F,2006,2,N,2675,38366.25,38366.25
P30P,30,F,2005,5,U,1949.1,46822.19,46822.19
P30P,30,F,2005,4,U,470,9364.44,9364.44
P30P,30,F,2005,9,U,470,9364.44,9364.44
P30P,30,F,2005,9,U,291.03,4682.22,4682.22
P30P,30,M,2005,5,N,4619.1,56468.03,56468.03
P30P,30,M,2005,10,P,1255,22587.21,22587.21
P30P,30,M,2005,11,P,5975,112936.06,112936.06
P30P,30,M,2006,6,P,1340.34,20830.57,20830.57
PL10,25,F,2001,4,U,635.46,227.12,222.99
PL10,25,F,2002,3,U,313.46,218.08,215.21
PL10,25,F,2002,10,U,310.79,162.5,156.8
PL10,25,F,2002,1,U,484.18,318.38,315.37
PL10,25,M,2003,8,P,449.08,248.89,246.69
PL10,25,M,2003,9,S,617.27,177.11,175.26
PL10,25,M,2001,4,U,936.45,340.8,336.45
PL10,25,M,2003,2,U,381,299.33,296.85
PL10,25,M,2002,2,U,346.03,200.72,194.3
PL10,25,M,2003,4,U,811.15,318.6,315.04
PL10,25,M,2002,11,U,295.1,124.82,122.12
PL10,26,F,2004,6,U,320,126.83,126.19
PL10,26,F,2001,12,U,506.23,329.23,325.37
PL10,26,M,2003,3,S,754.01,461.6,459.56
PL10,27,F,2002,7,U,742.5,357.15,351.94
PL10,27,F,2003,3,U,1180.67,462.02,459.1
PL10,27,M,2001,4,N,982.56,435.28,429.03
PL10,27,M,2001,12,P,607.16,426.76,423.41
PL10,28,F,2004,3,N,2876.76,1097.96,1095.37
PL10,28,F,2003,5,U,1323.25,498.57,495.8
PL15,25,F,2002,5,N,166.61,157.81,157.71
PL15,25,F,2003,5,P,120,360.51,360.51
PL15,25,F,2002,12,P,87,112.27,112.27
PL15,25,F,2003,3,P,70.5,96.99,96.99
PL15,25,F,2001,10,T,179.21,85.6,85
PL15,25,F,2003,3,U,211.15,541.27,538.89
PL15,25,F,2002,11,U,146.85,395.76,388.9
PL15,25,F,2002,6,U,107.42,242.48,242.48
PL15,25,F,2001,9,U,121,146.69,146.19
PL15,25,F,2002,1,U,101,81.69,81.22
PL15,25,M,2003,1,N,440.55,463.65,461.23
PL15,25,M,2002,4,P,305,379.1,376.94
PL15,25,M,2003,4,P,280.35,568.49,566.79
PL15,25,M,2002,6,P,280.34,580.02,579.33
PL15,25,M,2002,10,P,145.78,305.22,304.46
PL15,25,M,2003,9,T,763.62,1510.35,1506.52
PL15,25,M,2002,1,U,217.5,489.16,486.37
PL15,25,M,2002,10,U,147,232.01,231.73
PL15,25,M,2002,12,U,91.5,139.1,138.69
PL15,25,M,2002,4,U,118.55,90.15,72.51
PL20,25,F,2003,7,N,275,351.92,347.91
PL20,25,F,2002,5,N,363.75,1540.2,1516.58
PL20,25,F,2003,3,N,352.44,1401.6,1390.18
PL20,25,F,2002,7,N,205.5,840.96,830.02
PL20,25,F,2001,11,N,132.97,417.06,411.22
PL20,25,F,2002,3,N,0,0,0
PL20,25,F,2002,4,N,132.97,510.87,503.87
PL20,25,F,2002,8,N,179.42,693.34,683.31
PL20,25,F,2002,11,N,132.97,510.87,503.87
PL20,25,F,2001,10,N,151.44,494.25,488.42
PL20,25,F,2001,4,P,277.5,2328.47,2298.02
PL20,25,F,2001,8,P,296.37,2560.69,2529.33
PL20,25,F,2003,8,P,296.37,2501.59,2473.8
PL20,25,F,2001,8,P,157.5,1399.9,1383.84
PL20,25,F,2003,8,P,157.5,819.41,808.61
PL20,25,F,2001,5,P,343.36,2567.52,2541.84
PL20,25,F,2001,10,P,168.21,1399.9,1383.84
PL20,25,F,2001,12,P,168.21,1399.9,1383.84
PL20,25,F,2002,4,P,168.21,1401.6,1383.36
PL20,25,F,2002,10,P,193.84,1386.69,1366.62
PL30,25,F,2002,12,P,224.28,303.05,298.99
PL30,25,F,2002,11,U,405.84,500.95,493.78
PL30,25,F,2003,5,U,285.58,473.26,467.78
PL30,25,F,2002,7,U,195.7,317.71,313.7
PL30,25,M,2002,12,P,547.35,576.59,572.46
PL30,26,F,2004,10,P,1051.77,22167.96,21943.62
PL30,26,F,2001,12,U,267,568.64,563.41
PL30,26,F,2003,4,U,268.07,361.18,358.76
PL30,26,M,2004,7,P,1744.92,25349.43,24942.47
PL30,26,M,2004,4,U,845,16899.62,16628.31
PL30,26,M,2002,8,U,340.23,563.63,561.84
PL30,27,F,2002,12,U,267,541.99,537.91
PL30,27,M,2004,7,S,3718.35,51610.37,51051.75
PL30,27,M,2003,8,U,927.48,20320.43,19598.46
PL30,28,F,2002,5,U,238.42,465.62,459.17
PL30,28,M,2003,12,N,1927.74,22362.19,21565.85
PL30,29,F,2002,4,P,295.54,546.91,539.98
PL30,29,F,2002,8,U,365.79,697.86,691.37
PL30,29,F,2002,11,U,325.21,677.67,672.94
PL30,29,F,2003,1,U,202.92,394.93,392.29
POL41,20,F,1961,1,N,1.2694,7862.61,7862.61
POL41,20,F,1961,2,N,0.4905,3012.46,3012.46
POL41,20,F,1961,3,N,1.9524,12210.16,12210.16
POL41,20,F,1961,4,N,2.6972,23518.23,23518.23
POL41,20,F,1961,5,N,1.178,6595.25,6595.25
POL41,20,F,1961,6,N,0.9593,5510.46,5510.46
POL41,20,F,1961,7,N,1.5978,9232.3,9232.3
POL41,20,F,1961,8,N,0.9839,5488.74,5462.92
POL41,20,F,1961,9,N,1.2185,7636.14,7577.76
POL41,20,F,1961,10,N,2.4026,12961.03,12961.03
POL41,20,F,1961,11,N,0.9654,7445.27,7445.27
POL41,20,F,1961,1,N,0.7389,4043.39,4024.85
POL41,20,F,1961,2,N,0.8882,9270.44,9257.13
POL41,20,F,1961,3,N,1.1597,8730.55,8689.28
POL41,20,F,1961,4,N,2.7118,16342.57,16214.05
POL41,20,F,1961,5,N,1.3341,8239.4,8155.9
POL41,20,F,1961,6,N,0.614,3656.57,3617.65
POL41,20,F,1961,7,N,1.0384,5885.71,5817.02
POL41,20,F,1961,8,N,0.9924,5311.99,5242.07
POL41,20,F,1961,11,N,1.4683,7819.91,7809.08
POL58,5,F,1967,1,N,1.674,8528.66,8512.6
POL58,5,F,1967,2,N,0,2480.21,2480.21
POL58,5,F,1967,3,N,1.8789,10672.51,10672.51
POL58,5,F,1967,4,N,0.7055,4516.47,4516.47
POL58,5,F,1967,5,N,2.4186,12989.06,12989.06
POL58,5,F,1967,6,N,0.8907,6348.22,6348.22
POL58,5,F,1967,7,N,0.2632,4990.86,4990.86
POL58,5,F,1967,8,N,1.7465,10602.08,10573.06
POL58,5,F,1967,9,N,1.586,12416.2,12344.98
POL58,5,F,1967,10,N,2.7845,16241.23,16241.23
POL58,5,F,1967,11,N,1.8494,18186.23,18186.23
POL58,5,F,1967,12,N,1.7904,9997.75,9997.75
POL58,5,F,1973,1,N,1.3215,5590.01,5590.01
POL58,5,F,1973,2,N,1.357,6598.14,6598.14
POL58,5,F,1973,3,N,0.432,1831.2,1831.2
POL58,5,F,1973,4,N,1.011,4843.33,4843.33
POL58,5,F,1973,5,N,1.241,5706.92,5706.92
POL58,5,F,1973,6,N,0.562,5229.54,5229.54
POL58,5,F,1973,7,N,1.6525,10120.75,10120.75
POL58,5,F,1973,8,N,1.5315,8974.6,8974.6
PU20P,8,F,1961,1,N,0,743.77,743.77
PU20P,8,F,1961,2,N,0,5019.05,5019.05
PU20P,8,F,1961,3,N,0,17588.53,17588.53
PU20P,8,F,1961,4,N,0,3456.65,3456.65
PU20P,8,F,1961,5,N,0,6079.71,6079.71
PU20P,8,F,1961,6,N,0,4786.35,4786.35
PU20P,8,F,1961,7,N,0,4762.04,4762.04
PU20P,8,F,1961,8,N,0,4570.7,4570.7
PU20P,8,F,1961,9,N,0,7101.37,7101.37
PU20P,8,F,1961,10,N,0,597.45,597.45
PU20P,8,F,1961,11,N,0,1309.2,1309.2
PU20P,8,F,1961,12,N,0,2107.83,2107.83
PU20P,8,F,1961,1,N,0,4537.13,4537.13
PU20P,8,F,1961,3,N,0,2065.95,2065.95
PU20P,8,F,1961,4,N,0,2481.21,2481.21
PU20P,8,F,1961,5,N,0,5386.93,5386.93
PU20P,8,F,1961,6,N,0,2467.18,2467.18
PU20P,8,F,1961,9,N,0,3650.05,3650.05
PU20P,8,F,1961,10,N,0,666.01,666.01
PU20P,8,F,1961,11,N,0,1256.69,1256.69
PUE85,4,F,1957,1,N,0,25393.05,25393.05
PUE85,4,F,1957,2,N,0,17071.22,17071.22
PUE85,4,F,1957,3,N,0,30343.21,30343.21
PUE85,4,F,1957,4,N,0,25340.47,25340.47
PUE85,4,F,1957,5,N,0.1396,34432.5,34432.5
PUE85,4,F,1957,6,N,0,41009.59,41009.59
PUE85,4,F,1957,7,N,0,32436.01,32436.01
PUE85,4,F,1957,8,N,0,29776,29776
PUE85,4,F,1957,9,N,0,22723.89,22723.89
PUE85,4,F,1957,10,N,0,36208.23,36208.23
PUE85,4,F,1957,11,N,0,26074.83,26074.83
PUE85,4,F,1957,12,N,0,34974.01,34974.01
PUE85,4,F,1957,4,N,0,1989.74,1989.74
PUE85,4,F,1957,5,N,0,2536.71,2536.71
PUE85,4,F,1957,6,N,0,636.04,636.04
PUE85,4,F,1957,7,N,0,1330.41,1330.41
PUE85,4,F,1957,10,N,0,1578.47,1578.47
PUE85,4,F,1957,12,N,0,647.71,647.71
PUE85,4,F,1957,2,N,0,1252.96,1252.96
PUE85,4,F,1957,5,N,0,647.71,647.71
PUL,16,F,1933,1,N,0,975.59,975.59
PUL,16,F,1933,2,N,0,963.82,963.82
PUL,16,M,1933,4,N,0,970.11,970.11
PUL,16,M,1933,5,N,0,519.68,519.68
PUL,16,M,1933,6,N,0,977.51,977.51
PUL,19,F,1966,1,N,0,1825,1825
PUL,19,F,1966,2,N,0,2276.44,2276.44
PUL,19,F,1966,4,N,0,3181.82,3181.82
PUL,19,F,1966,7,N,0,1241.23,1241.23
PUL,19,F,1966,9,N,0,3464.72,3464.72
PUL,19,F,1966,10,N,0,585.28,585.28
PUL,19,F,1966,12,N,0,1274.79,1274.79
PUL,19,M,1966,1,N,0,12290.14,12290.14
PUL,19,M,1966,2,N,0,1249.62,1249.62
PUL,19,M,1966,4,N,0,1359.95,1359.95
PUL,19,M,1966,6,N,0,4597.42,4597.42
PUL,19,M,1966,7,N,0,9118.76,9118.76
PUL,19,M,1966,8,N,0,683.16,683.16
PUL,19,M,1966,9,N,0,11789.1,11789.1
PUL,19,M,1966,10,N,0,7036.84,7036.84
PUT,16,F,1994,4,N,0,39.07,31.87
PUT,16,F,1994,6,N,0,18658.01,18664.08
PUT,16,F,1994,10,N,0,22.73,10.28
PUT,16,M,1994,4,N,0,39.07,31.87
PUT,19,F,2001,1,N,0,254.56,220.05
PUT,19,F,2001,2,N,0,126.44,95.71
PUT,19,F,2001,3,N,0,368.88,320.92
PUT,19,F,2001,5,N,0,31.14,24.26
PUT,19,F,2001,7,N,0,180.25,167.65
PUT,19,F,2001,8,N,0,18.42,17.17
PUT,19,F,2001,9,N,0,46.56,42.98
PUT,19,F,2001,10,N,0,31113.44,31109.11
PUT,19,F,2001,12,N,0,100.91,96.98
PUT,19,M,2001,1,N,0,220.6,182.2
PUT,19,M,2001,3,N,0,421.19,372.99
PUT,19,M,2001,4,N,0,9.21,5.49
PUT,19,M,2001,5,N,0,9.21,6.29
PUT,19,M,2001,6,N,0,303.29,289.56
PUT,19,M,2001,9,N,0,22.73,18.48
PUT,19,M,2001,10,N,0,45.47,20.57
PWL,10,F,1979,1,N,0.688,2655.45,2655.45
PWL,10,F,1979,2,N,1.065,3737.83,3487.36
PWL,10,F,1979,4,N,0.849,3946.63,3946.63
PWL,10,F,1979,5,N,3.675,19983.27,19591.02
PWL,10,F,1979,7,N,1.484,6965.78,6965.78
PWL,10,F,1979,8,N,3.248,15974.76,15853.5
PWL,10,F,1979,9,N,0.393,1042.17,1020.13
PWL,10,F,1979,11,N,0.633,1877.87,1877.87
PWL,10,F,1979,12,N,0.652,2237.24,2237.24
PWL,10,F,1979,1,N,0.6814,2760.65,2583.75
PWL,10,F,1979,3,N,4.5083,15780.7,15663.96
PWL,10,F,1979,4,N,10.3775,52566.84,52210.09
PWL,10,F,1979,5,N,2.9213,11411.56,11321.96
PWL,10,F,1979,6,N,2.5862,11455.49,11076.43
PWL,10,F,1979,7,N,1.8967,9222.03,9111.74
PWL,10,F,1979,8,N,6.8021,36597.02,35674.7
PWL,10,F,1979,9,N,1.1317,5895.01,5706.07
PWL,10,F,1979,10,N,0.9353,4369.45,4369.45
PWL,10,F,1979,11,N,1.5147,6157.64,6157.64
PWL,10,F,1979,12,N,1.823,6779.05,6680.56
S10RL,35,F,1987,2,N,2794,39069.73,38640.47
S10RL,35,F,1985,7,N,3186,18767.47,17500.25
S10RL,35,F,1985,5,N,1719,11444.18,11114
S10RL,35,F,1994,5,N,2198,932.57,486
S10RL,35,F,1994,9,N,18315,14664.84,8377.5
S10RL,35,M,1985,2,N,1937,15580.52,15131
S10RL,35,M,1985,4,N,4314,29569.11,28716
S10RL,35,M,1985,8,N,5922,89614.46,88496.88
S10RL,35,M,1987,5,N,3646,14042.57,977.08
S10RL,35,M,1991,9,N,12302,51597.97,2134.35
S10RL,35,M,1991,11,N,3703,380.72,360.63
S10RL,35,M,1991,6,N,4490,1560.27,1442.23
S10RL,35,M,1991,4,N,20310,2100.76,1990.31
S10RL,45,M,1987,6,N,7078.75,78979.14,78188.52
S10RL,45,M,1991,11,N,6292,24031.59,1795.24
S10RL,45,M,1985,2,N,13840,68854.04,56925.83
S10RL,45,M,1991,10,N,10097,36839.41,-866.04
S10RL,45,M,1994,11,N,16352,17856.06,2354.67
S10RL,45,M,1991,6,N,38150,273477.75,273033.08
S10RL,55,F,1985,7,N,6963.2,20698.02,18811.12
S10YT,35,F,1992,10,N,6246,45933.54,45883.86
S10YT,35,F,1989,4,N,4233.75,16153.58,575.57
S10YT,35,F,1989,8,N,3523,364.65,108.77
S10YT,35,F,1989,12,N,6246,1032.12,-361.97
S10YT,35,F,1992,8,N,16908.8,6348.6,1769.91
S10YT,35,F,1994,3,N,3297,4105.95,-497.5
S10YT,35,F,1994,8,N,3450.5,2128.5,405.83
S10YT,35,F,1989,6,N,2561.1,4584.59,805.06
S10YT,35,F,1992,5,N,4768,3960.84,1396
S10YT,35,M,1989,6,N,18133.2,154799.43,154643.12
S10YT,35,M,1992,2,N,10725,1268.25,9457.38
S10YT,35,M,1992,1,N,40055,339343.7,320152.16
S10YT,35,M,1994,3,N,3775,954.03,-2453.1
S10YT,35,M,1992,12,N,12362.5,12136.16,1120.62
S10YT,35,M,1992,6,N,14214.78,2264.99,2145.91
S10YT,35,M,1989,1,N,8889.5,98069.38,62115.38
S10YT,35,M,1989,8,N,4134,19276.43,13695
S10YT,35,M,1989,10,N,4233,58735.07,41743.16
S10YT,35,M,1989,12,N,6818,66620.26,66580.12
S10YT,35,M,1992,2,N,7784,1126.09,6658.46
SGPWL,30,F,1989,8,N,27250,60543.01,58093.42
SGPWL,30,F,1989,2,N,4610,32322.57,28637.5
SGPWL,30,F,1989,11,N,8600,75642.5,75642.5
SGPWL,30,F,1983,2,N,2721.05,30584.98,21070.71
SGPWL,30,F,1983,3,N,0,539.86,539.86
SGPWL,30,F,1983,5,N,991.5,500.05,283.5
SGPWL,30,F,1983,6,N,217.35,87.98,82.23
SGPWL,30,F,1983,7,N,0,932.57,910
SGPWL,30,F,1983,8,N,2621.25,37521.65,37450.11
SGPWL,30,F,1983,9,N,142.25,78.21,75
SGPWL,30,F,1983,10,N,67.5,30.45,30
SGPWL,30,F,1983,12,N,330.75,159.73,100
SGPWL,30,F,1989,2,N,749,546.18,260.18
SGPWL,30,F,1989,12,N,141.63,61.91,61
SGPWL,30,F,1983,1,N,1014.59,710.91,-343.28
SGPWL,30,F,1983,1,N,672,254.76,-49.45
SGPWL,30,F,1983,2,N,1315.5,653.17,638.5
SGPWL,30,F,1983,3,N,652.49,493.84,-389.25
SGPWL,30,F,1983,4,N,1526.12,935.13,225.47
SGPWL,30,F,1983,5,N,139.2,62.47,57.15
SOVWL,25,F,1967,2,N,23.46,903.31,905.45
SOVWL,25,F,1967,4,N,71.75,3591.42,3552.75
SOVWL,25,F,1967,11,N,21.44,703.42,704.93
SOVWL,25,F,1973,1,N,0,1112.97,1100.63
SOVWL,25,F,1973,2,N,44.65,1688.88,1660
SOVWL,25,F,1973,4,N,144.68,5432.91,5409.95
SOVWL,25,F,1973,9,N,227.4,7439.57,7330.53
SOVWL,25,F,1973,11,N,179,5358.72,5292.53
SOVWL,25,F,1981,2,N,63.3,1938.15,1914.3
SOVWL,25,F,1981,6,N,108.2,3707.81,3676.61
SOVWL,25,F,1981,7,N,54.1,1337.88,1330.44
SOVWL,25,F,1981,9,N,43.66,1145.49,1135.58
SOVWL,25,F,1973,4,N,265.25,8553.83,8440.64
SOVWL,25,F,1973,5,N,148.75,1492.95,1474.29
SOVWL,25,F,1973,7,N,112.08,3470.77,3382.1
SOVWL,25,F,1973,9,N,79.6,2548.33,2474.86
SOVWL,25,F,1973,10,N,98.15,2907,2829.1
SOVWL,25,F,1973,11,N,189.94,6591.17,6396.36
SOVWL,25,F,1981,3,N,113.2,3611.77,3466.4
SOVWL,25,F,1981,5,N,225.9,5437.59,5340.73
TDAMN,38,F,1983,1,N,0,339.31,334.32
TDAMN,38,F,1983,3,N,2916.2,3492.64,1273.47
TDAMN,38,F,1983,4,N,530.7,842.37,196.79
TDAMN,38,F,1983,5,N,1280,26696.91,25605.48
TDAMN,38,F,1983,6,N,248.5,139.23,91.66
TDAMN,38,F,1983,7,N,429.8,550.19,414.29
TDAMN,38,F,1983,9,N,902,1164.72,411.37
TDAMN,38,F,1983,10,N,236.75,709.19,537.32
TDAMN,38,F,1983,11,N,2908,2090.24,1303.61
TDAMN,38,F,1983,12,N,0,125.69,123.84
TDAMN,38,F,1983,2,N,491.51,674.98,167.12
TDAMN,38,F,1983,4,N,2139.81,1405.59,1150.58
TDAMN,38,F,1983,5,N,3599.88,4094.12,1518.61
TDAMN,38,F,1983,6,N,2448.43,1994.04,618.63
TDAMN,38,F,1983,8,N,1608.84,1954.51,568.56
TDAMN,38,F,1983,10,N,1675.52,1005.58,675.36
TDAMN,38,F,1983,11,N,851.75,876.88,242.72
TDAMN,38,F,1983,3,N,368.86,198.61,91.77
TDAMN,38,F,1983,5,N,617.98,809.74,298.1
TDAMN,38,F,1983,7,N,132.5,212.17,33.36
