{"chunk_definitions":[{"chunk_id":"c3eirgh6493th","chunk_label":"unnamed-chunk-1","document_id":"90E24368","expansion_state":0,"options":{"engine":"r","label":"unnamed-chunk-2"},"row":17,"row_count":1,"visible":true},{"chunk_id":"ciotm9yyykpu7","chunk_label":"unnamed-chunk-2","document_id":"90E24368","expansion_state":0,"options":{"engine":"r","label":"unnamed-chunk-3"},"row":39,"row_count":1,"visible":true},{"chunk_id":"c5u3xconba3yv","chunk_label":"unnamed-chunk-3","document_id":"90E24368","expansion_state":0,"options":{"engine":"r","label":"unnamed-chunk-4"},"row":56,"row_count":1,"visible":true},{"chunk_id":"c6v41gfn0fkqx","chunk_label":"unnamed-chunk-4","document_id":"90E24368","expansion_state":0,"options":{"engine":"r","label":"unnamed-chunk-5"},"row":66,"row_count":1,"visible":true},{"chunk_id":"cxfc2tvbp1sda","chunk_label":"unnamed-chunk-6","document_id":"90E24368","expansion_state":0,"options":{"engine":"r","label":"unnamed-chunk-14"},"row":138,"row_count":1,"visible":true},{"chunk_id":"c6ikz0v477evr","chunk_label":"unnamed-chunk-7","document_id":"90E24368","expansion_state":0,"options":{"engine":"r","label":"unnamed-chunk-16"},"row":148,"row_count":1,"visible":true}],"doc_write_time":1506004859}